protein_id,tax_id,species,sequence,definition,kingdom,phylum,class,order,family,genus,seq_length,superorder,precedence
2328020901,38775,Antechinus flavipes,mssllfllsdaqtklekesremallqsnqdvissamhefsklldqqeftkpafsetdmativddwikfylsyyskkmtgneqeqeramqklqeelrtsaspfldkyraflktl,alpha-hemoglobin-stabilizing protein isoform X1 [Antechinus flavipes],Metazoa,Chordata,Mammalia,Dasyuromorphia,Dasyuridae,Antechinus,113,Marsupials,1
122394,9279,Dasyurus viverrinus,mvlsdadkthvkaiwgkvgghagayaaealartflsfpttktyfphfdlspgsaqiqghgkkvadalsqavahlddlpgtlsklsdlhahklrvdpvnfkllshclivtlaahlskdltpevhasmdkffasvatvltskyr,RecName: Full=Hemoglobin subunit alpha; AltName: Full=Alpha-globin; AltName: Full=Hemoglobin alpha chain; Contains: RecName: Full=Hemopressin,Metazoa,Chordata,Mammalia,Dasyuromorphia,Dasyuridae,Dasyurus,142,Marsupials,2
395515590,9305,Sarcophilus harrisii,malsaadkcnvrefweklgentkvygtealvrtflcfpetktyfphfdlsggsrqvqahgkkvadaltlavshlddlpaslsslsnlhahrlkvdpvnfkylshcllvtlarhhpgnlnpevhasldkflsyvsvvltseyr,hemoglobin subunit alpha [Sarcophilus harrisii],Metazoa,Chordata,Mammalia,Dasyuromorphia,Dasyuridae,Sarcophilus,142,Marsupials,2
2990525618,9301,Sminthopsis crassicaudata,mpfllfllsdtqtklekesremallqsnqdvissamqefsklldqqeftkpafsetdmativddwikfylsyyskkmtgdeqeqeramqklqqelrtsaspfldkyraflrsl,alpha-hemoglobin-stabilizing protein isoform X1 [Sminthopsis crassicaudata],Metazoa,Chordata,Mammalia,Dasyuromorphia,Dasyuridae,Sminthopsis,113,Marsupials,1
122395,9267,Didelphis virginiana,vlsandktnvkgawskvggnsgaymgealyrtflsfpttktyfpnydfsagsaqiktqgqkiadavglavahlddmptalsslsdlhahelkvdpvnfkflchnvlvtmaahlgkdftpeihasmdkflasvstvltskyr,RecName: Full=Hemoglobin subunit alpha; AltName: Full=Alpha-globin; AltName: Full=Hemoglobin alpha chain; Contains: RecName: Full=Hemopressin,Metazoa,Chordata,Mammalia,Didelphimorphia,Didelphidae,Didelphis,141,Marsupials,2
2119467502,191870,Gracilinanus agilis,mvlsgadknnvkaawskvggnsgaymsealhrtflsfpttktyfphfdfssgspqiraqgqkiadavgvavahmedlatalstlsdvhahelkvdpvnfkllchnvlvtlachlgkdftpeihasmdkflasvstvltskyr,hemoglobin subunit alpha [Gracilinanus agilis],Metazoa,Chordata,Mammalia,Didelphimorphia,Didelphidae,Gracilinanus,142,Marsupials,2
38502825,13616,Monodelphis domestica,mvlsaadktnvkaawskvggnsgaymgealyrtflsfpptktyfphfefsagsaqikgqgqkiadavslavahmddlatalsalsdlhahnlkvdpvnfkflchnvlvtlashlgkdftpeihasldkflallstvltskyr,RecName: Full=Hemoglobin subunit alpha; AltName: Full=Alpha-globin; AltName: Full=Hemoglobin alpha chain; Contains: RecName: Full=Hemopressin,Metazoa,Chordata,Mammalia,Didelphimorphia,Didelphidae,Monodelphis,142,Marsupials,2
122429,9317,Macropus giganteus,vlsaadkghvkaiwgkvgghageyaaeglertfhsfpttktyfphfdlshgsaqiqahgkkiadalgqavehiddlpgtlsklsdlhahklrvdpvnfkllshcllvtfaahlgdaftpevhasldkflaavstvltskyr,RecName: Full=Hemoglobin subunit alpha; AltName: Full=Alpha-globin; AltName: Full=Hemoglobin alpha chain; Contains: RecName: Full=Hemopressin,Metazoa,Chordata,Mammalia,Diprotodontia,Macropodidae,Macropus,141,Marsupials,2
2945172904,9315,Notamacropus eugenii,mvlsaadkghvkgiwgkvgghageyaaeglertfhsfpttktyfphfdlshgsaqiqahgkkiadalgqavehiddlpgtlsklsdlhahklrvdpvnfkllshcllvtfaahlgdaftpevhasldkflaavstvltskyr,hemoglobin subunit alpha [Notamacropus eugenii],Metazoa,Chordata,Mammalia,Diprotodontia,Macropodidae,Notamacropus,142,Marsupials,2
2826373145,3040969,Petaurus breviceps papuanus,mgfeeetsremallqsnqdvissalqefrklldqqiftkpiipeedmitivddwikfylshfsnkmtgdqqeqeralqklqeelqtssnpfldkyraflkal,alpha-hemoglobin-stabilizing protein isoform X1 [Petaurus breviceps papuanus],Metazoa,Chordata,Mammalia,Diprotodontia,Petauridae,Petaurus,102,Marsupials,1
1190424385,38626,Phascolarctos cinereus,msdarweiylgralsgnpikglwgsgphisgpaqnxekevnmvlsgadkshvkatwgkigghvgeyaaealhrtfssfpttktyfphfdmshdsaqikahgqkigdaltqavdhlddlpgtlsklsdlhahklrvdpvnfkflshcvlvtlaahlgkeftpevhasldkflasvstvltskyr,LOW QUALITY PROTEIN: hemoglobin subunit alpha-like [Phascolarctos cinereus],Metazoa,Chordata,Mammalia,Diprotodontia,Phascolarctidae,Phascolarctos,183,Marsupials,3
1919063931,9337,Trichosurus vulpecula,mvlsgadksnvkavwgkvggnagafaaealertfvsfpttktyfshfdlshgsaqiqghgqkiadalsqsvdhlddlpgtlsklsdlhahklrvdpvnfkflshcllvtlashlgkdftpeahasldkflasvstvltskyr,hemoglobin subunit alpha [Trichosurus vulpecula],Metazoa,Chordata,Mammalia,Diprotodontia,Phalangeridae,Trichosurus,142,Marsupials,2
1561931297,29139,Vombatus ursinus,mvlsaadktnvkavwdkvggsagafstealertfcsfpttktyfhhfdlshgsaqvkahgekignaltqavghmddlpgilsklsdlhahklrvdpvnfkllshcllvtlashfgkefspekhasldkflssvstvltskyr,hemoglobin subunit alpha-like [Vombatus ursinus],Metazoa,Chordata,Mammalia,Diprotodontia,Vombatidae,Vombatus,142,Marsupials,3
2990484647,92651,Macrotis lagotis,malsaedkcnvkefweklgentkvygtealvrtflsfpstktyfshfdlssgslevqahgkkvadalslavnhmddlpkalsslsdlhahklkvdpvnfkpgagsvsslpsscltvcs,hemoglobin subunit alpha-1-like isoform X4 [Macrotis lagotis],Metazoa,Chordata,Mammalia,Peramelemorphia,Peramelidae,Macrotis,118,Marsupials,2
586486803,185453,Chrysochloris asiatica,mvlsaadkanvkavwekaggdvakfggealnrtflsfpttktyfshmdltpgsgdimghgkkvadaltvavghlddlpgalsklsdlhayklrvdpvnfkllshcllvtlashlpgdfsppvhasmdkflstvstvltskyr,PREDICTED: hemoglobin subunit alpha-like [Chrysochloris asiatica],Metazoa,Chordata,Mammalia,Afrosoricida,Chrysochloridae,Chrysochloris,142,Afrotheria,3
246398,9371,Echinops telfairi,vlsaadkanvkavwekaggnvgkyggealdrtflsfpttktyfphmdltpgsadimahgkkvadaltlavghmddlpgalsklsdlhayklrvdpvnfkllshcllvtlachlggdftpaahasldkflssvstvltskyr,"hemoglobin alpha chain [Echinops telfairi=lesser hedgehog tenrecs, Zalambdodonta, Peptide, 141 aa]",Metazoa,Chordata,Mammalia,Afrosoricida,Tenrecidae,Echinops,141,Afrotheria,1
3027848108,94439,Tenrec ecaudatus,mvlsaadkanvkavwekagtnvgkyggealdrtflsfpttktyfphmdltpgssdimahgkkvadaltlavghmddlpgalsklsdlhayklrvdpvnfkllshcllvtlashlpgdftpaahasldkflsavstvltskyr,hemoglobin subunit alpha [Tenrec ecaudatus],Metazoa,Chordata,Mammalia,Afrosoricida,Tenrecidae,Tenrec,142,Afrotheria,2
1586281608,29137,Dugong dugon,mvlsaedktnvktfwgklgahtaeygsealermfnafpatktyfphfdmshgsdqikahgkkvaealtravghlddlpgtlsdlsdlhahrlrvdpinfkllshcllvtlsnhlpddftppvhasldkflsnvstvltskyr,hemoglobin subunit alpha [Dugong dugon],Metazoa,Chordata,Mammalia,Sirenia,Dugongidae,Dugong,142,Afrotheria,2
1586281612,63631,Hydrodamalis gigas,mvlsaedktnvktfwgklgahtaeyggealermflsfpttktyfphfdmkhdsdqikahgkkvadaltravghlddlpgtlselsdlhahklrvdpinfkllshcllvtlsghlpedftppvhasldkflsnvstvltskyr,hemoglobin subunit alpha [Hydrodamalis gigas],Metazoa,Chordata,Mammalia,Sirenia,Dugongidae,Hydrodamalis,142,Afrotheria,2
122500,9777,Trichechus inunguis,vlsdedktnvktfwgkigthtgeyggealermflsfpttktyfphfdlshgsgqikahgkkvadaltravghledlpgtlselsdlhahrlrvdpvnfkllshcllvtlsshlredftpsvhasldkflssvstvltskyr,RecName: Full=Hemoglobin subunit alpha; AltName: Full=Alpha-globin; AltName: Full=Hemoglobin alpha chain; Contains: RecName: Full=Hemopressin,Metazoa,Chordata,Mammalia,Sirenia,Trichechidae,Trichechus,141,Afrotheria,2
585692088,28737,Elephantulus edwardii,mvlsaadkanvkaawdkaggnigayggealdrtflsfpttktyfphfdqtpgskdimnhgkkvadaltlavnhlddlpqalsalsdlhahklrvdpvnfkllshcllvtlaahlgkeftpaihasldkflstvsttltskyr,PREDICTED: hemoglobin subunit alpha-like [Elephantulus edwardii],Metazoa,Chordata,Mammalia,Macroscelidea,Macroscelididae,Elephantulus,142,Afrotheria,3
257122977,9783,Elephas maximus,mvlsdkdktnvkatwskvgdhasdyvaealermffsfpttktyfphfdlshgsgqvkghgkkvgealtqavghlddlpsalsalsdlhahklrvdpvnfkllshcllvtlsshqpteftpevhasldkflsnvstvltskyr,hemoglobin subunit alpha [Elephas maximus],Metazoa,Chordata,Mammalia,Proboscidea,Elephantidae,Elephas,142,Afrotheria,2
526117607,9785,Loxodonta africana,mvlsdndktnvkatwskvgdhasdyvaealermffsfpttktyfphfdlghgsgqvkahgkkvgealtqavghlddlpsalsalsdlhahklrvdpvnfkllshcllvtlsshqpteftpevhasldkflsnvstvltskyr,hemoglobin subunit alpha [Loxodonta africana],Metazoa,Chordata,Mammalia,Proboscidea,Elephantidae,Loxodonta,142,Afrotheria,2
257122987,37349,Mammuthus primigenius,mvlsdndktnvkatwskvgdhasdyvaealermffsfpttktyfphfdlshgsgqvkghgkkvgealtqavghlddlpsalsalsdlhahklrvdpvnfkllshcllvtlsshqpteftpevhasldkflsnvstvltskyr,hemoglobin subunit alpha [Mammuthus primigenius],Metazoa,Chordata,Mammalia,Proboscidea,Elephantidae,Mammuthus,142,Afrotheria,2
2282135466,99487,Elephas maximus indicus,mvlsdkdktnvkatwskvgdhasdyvaealermffsfpttktyfphfdlshgsgqvkghgkkvgealtqavghlddlpsalsalsdlhahklrvdpvnfkllshcllvtlsshqpteftpevhasldkflsnvstvltskyr,hemoglobin subunit alpha [Elephas maximus indicus],Metazoa,Chordata,Mammalia,Proboscidea,Elephantidae,Elephas,142,Afrotheria,2
634894465,1230840,Orycteropus afer afer,mvlsgddkanvkaawgkvggkagdygaealertflsfpptktyfphfdlshgsaqvkahgkkvadalthavghmddlpgalsdlsdlhahklrvdpvnfkllshcllvtlashhpddftpavhasldkflsnvstvltskyr,hemoglobin subunit alpha [Orycteropus afer afer],Metazoa,Chordata,Mammalia,Tubulidentata,Orycteropodidae,Orycteropus,142,Afrotheria,2
122469,9814,Procavia capensis habessinica,vlsaadknnvkgawekvgthageygaealermflsfpttktyfphfdlthgsaqvkahgqkvgaaltkavghlddlpnalsdlsdlhahklrvdpvnfkllshcllvtlsrhlpeqeftpavhasldkffsnvstvltskyr,RecName: Full=Hemoglobin subunit alpha; AltName: Full=Alpha-globin; AltName: Full=Hemoglobin alpha chain; Contains: RecName: Full=Hemopressin,Metazoa,Chordata,Mammalia,Hyracoidea,Procaviidae,Procavia,142,Afrotheria,2
122363,9354,Bradypus tridactylus,vlsaadkahvkafwtkigghageyggealertflsfpttktyfphfdlspgsaqvkahgkkvgdaltlavghlddlpgalsdlsdlhahklrvdpvnfkllghcvlvtlalhhpdaftpavhasldkfittvstvltskyr,RecName: Full=Hemoglobin subunit alpha; AltName: Full=Alpha-globin; AltName: Full=Hemoglobin alpha chain; Contains: RecName: Full=Hemopressin,Metazoa,Chordata,Mammalia,Pilosa,Bradypodidae,Bradypus,141,Xenarthra,2
1934719391,27675,Choloepus didactylus,mvlsaadkanvkgfwskigshageyggealertfssfpttktyfphfdlspgsaqvkahgkkvgealtlavghlddlpgalsalsdlhahklrvdpvnfkllghcllvtlalhhpaeftppvhasldkfisgvsavltskyr,hemoglobin subunit alpha [Choloepus didactylus],Metazoa,Chordata,Mammalia,Pilosa,Megalonychidae,Choloepus,142,Xenarthra,2
3064345421,48850,Tamandua tetradactyla,mvlspadktniktawdkigshageygaealerlflafpttktyfphfdlshgsaqvkahgkkvadaltlaaghlddlpgalsalsdlhahklrvdpinfkllghclmvtlanhlpndftpavhasldkfvtnvgtvltskyr,hemoglobin subunit alpha-1/2 [Tamandua tetradactyla],Metazoa,Chordata,Mammalia,Pilosa,Myrmecophagidae,Tamandua,142,Xenarthra,2
821138343,9361,Dasypus novemcinctus,mldslptsslaeehtypgeretthaaplvlkmallqankdliskamrefsillnqqeptqlpisedamavivddwvnlyishyrpkmtgeqqeqnravqelqqeltalanpflikyraflntlssdsaps,alpha-hemoglobin-stabilizing protein isoform X1 [Dasypus novemcinctus],Metazoa,Chordata,Mammalia,Cingulata,Dasypodidae,Dasypus,130,Xenarthra,1
2437663959,32536,Acinonyx jubatus,mvlsaadksnvkacwgkigshageygaealertfcsfpttktyfphfdlshgsaqvkahgqkvadaltqavahmddlpnalsalsdlhayklrvdpvnfkflshcllvtlachhpaeftpavhasldkffsavstvltskyr,hemoglobin subunit alpha [Acinonyx jubatus],Metazoa,Chordata,Mammalia,Carnivora,Felidae,Acinonyx,142,Laurasiatheria,2
1845331203,9646,Ailuropoda melanoleuca,mdrlqllvlgkvwracpsrpghkcsrtprpahfwsshrlrkkppwvlspadktnvkatwdkigghageyggealertfasfpttktyfphfdlspgsaqvkahgkkvadalttavghlddlpgalsalsdlhahklrvdpvnfkllshcllvtlashhpaeftpavhasldkffsavstvltskyr,hemoglobin subunit alpha [Ailuropoda melanoleuca],Metazoa,Chordata,Mammalia,Carnivora,Ursidae,Ailuropoda,186,Laurasiatheria,2
110831900,9649,Ailurus fulgens,mvlspadktnvkstwdklgghageyggealertfasfpttktyfphfdlspgsaqvkahgkkvadaltlavghlddlpgalsalsdlhahklrvdpvnfkllshcllvtlachhpaeftpavhasldkffsavstvltskyr,RecName: Full=Hemoglobin subunit alpha; AltName: Full=Alpha-globin; AltName: Full=Hemoglobin alpha chain; Contains: RecName: Full=Hemopressin,Metazoa,Chordata,Mammalia,Carnivora,Ailuridae,Ailurus,142,Laurasiatheria,2
110831865,30584,Arctocephalus galapagoensis,mvlspadktnvkttwdklgghageyggealertftafpttktyfphfdlshgsaqvkahgkkvadalttavahmddlpgalsalsdlhayklrvdpvnfkllshcllvtlachhpaeftpavhasldkffsavstvltskyr,RecName: Full=Hemoglobin subunit alpha-2; AltName: Full=Alpha-2-globin; AltName: Full=Hemoglobin alpha-2 chain; AltName: Full=Hemoglobin alpha-II chain,Metazoa,Chordata,Mammalia,Carnivora,Otariidae,Arctocephalus,142,Laurasiatheria,2
1432292164,34884,Callorhinus ursinus,mvlspadktnvkttwdklgghageyggealertftsfpttktyfphfdlspgsaqvkahgkkvadalttavahlddlpgalstlsdlhayklrvdpvnfkllshcllvtlachhpaeftpavhasldkffsavstvltskyr,hemoglobin subunit alpha [Callorhinus ursinus],Metazoa,Chordata,Mammalia,Carnivora,Otariidae,Callorhinus,142,Laurasiatheria,2
115502084,9614,Canis latrans,mvlspadktnikstwdkigghagdyggealdrtfqsfpttktyfphfdlspgsaqvkahgkkvadalttavahlddlpgalsalsdlhayklrvdpvnfkllshcllvtlachhpteftpavhasldkfftavstvltskyr,RecName: Full=Hemoglobin subunit alpha; AltName: Full=Alpha-globin; AltName: Full=Hemoglobin alpha chain; Contains: RecName: Full=Hemopressin,Metazoa,Chordata,Mammalia,Carnivora,Canidae,Canis,142,Laurasiatheria,2
116666788,9620,Cerdocyon thous,vlspadktnikstwdkigghagdyggealdrtfqsfpttktyfphfdlspgsaqvkahgkkvadalttavahlddlpgalsalsdlhayklrvdpvnfkllshcllvtlachhpteftpavhasldkfftavstvltskyr,"Chain C, hemoglobin alpha chain",Metazoa,Chordata,Mammalia,Carnivora,Canidae,Cerdocyon,141,Laurasiatheria,1
15825904,68728,Chrysocyon brachyurus,vlspadktnikstwdkigghagdyggealdrtfqsfpttktyfphfdlspgsaqvkahgkkvadalttavahlddlpgalsalsdlhayklrvdpvnfkllshcllvtlachhpteftpavhasldkfftavstvltskyr,"Chain C, HEMOGLOBIN (ALPHA CHAIN)",Metazoa,Chordata,Mammalia,Carnivora,Canidae,Chrysocyon,141,Laurasiatheria,1
122386,9678,Crocuta crocuta,vlssadkanikatwdkigghggeygaealertflcfpttktyfphfdlshgsaqvkahgkkvadalalaaahlddlpsalsalsdlhayklrvdpvnfkllshcllvtlaahhpaeftpavhsdldkflssvstvltskyr,RecName: Full=Hemoglobin subunit alpha; AltName: Full=Alpha-globin; AltName: Full=Hemoglobin alpha chain; Contains: RecName: Full=Hemopressin,Metazoa,Chordata,Mammalia,Carnivora,Hyaenidae,Crocuta,141,Laurasiatheria,2
1244121761,391180,Enhydra lutris kenyoni,mvlspadktnvkstwdkigghageyggealertfasfpttktyfphfdlshgsaqvkahgkkvadaltnavahiddlpgamsalsdlhayklrvdpvnfkflshcllvtlachhpaeftpavhasldkffsavstvltskyr,hemoglobin subunit alpha-1/2 [Enhydra lutris kenyoni],Metazoa,Chordata,Mammalia,Carnivora,Mustelidae,Enhydra,142,Laurasiatheria,2
1570467483,34886,Eumetopias jubatus,mvlspadktnvkttwdklgghageyggealertftsfpttktyfphfdlspgsaqvkahgkkvadalttavahiddlpgalsalsdlhayklrvdpvnfkllshcllvtlachhpaeftpavhasldkffsavstvltskyr,hemoglobin subunit alpha [Eumetopias jubatus],Metazoa,Chordata,Mammalia,Carnivora,Otariidae,Eumetopias,142,Laurasiatheria,2
1304957200,9685,Felis catus,mvlsaadksnvkacwgkigshageygaealertfcsfpttktyfphfdlshgsaqvkahgqkvadaltqavahmddlptamsalsdlhayklrvdpvnfkflshcllvtlachhpaeftpavhasldkffsavstvltskyr,hemoglobin subunit alpha [Felis catus],Metazoa,Chordata,Mammalia,Carnivora,Felidae,Felis,142,Laurasiatheria,2
1900073867,9711,Halichoerus grypus,mvlspadktnvkatwdkigghageyggealertftafpttktyfphfdlshgsaqvkahgkkvadalttavahmddlpgalsalsdlhayklrvdpvnfkllshcllvtlachhpadftpavhasldkffsavstvltskyr,hemoglobin subunit alpha [Halichoerus grypus],Metazoa,Chordata,Mammalia,Carnivora,Phocidae,Halichoerus,142,Laurasiatheria,2
62901551,9634,Helarctos malayanus,mvlspadksnvkatwdkigshageyggealertfasfpttktyfphfdlspgsaqvkahgkkvadalttaaghlddlpgalsalsdlhahklrvdpvnfkflshcllvtlashhpaeftpavhasldkffsavstvltskyr,RecName: Full=Hemoglobin subunit alpha; AltName: Full=Alpha-globin; AltName: Full=Hemoglobin alpha chain; Contains: RecName: Full=Hemopressin,Metazoa,Chordata,Mammalia,Carnivora,Ursidae,Helarctos,142,Laurasiatheria,2
2020860954,1608482,Herpailurus yagouaroundi,mvlsaadksnvkacwgkigshageygaealertfcsfpttktyfphfdlshgsaqvkahgqkvadaltqavahmddlpnalsalsdlhayklrvdpvnfkflshcllvtlachhpaeftpavhasldkffsavstvltskyr,hemoglobin subunit alpha [Herpailurus yagouaroundi],Metazoa,Chordata,Mammalia,Carnivora,Felidae,Herpailurus,142,Laurasiatheria,2
1965590930,95912,Hyaena hyaena,mvlssadkanikatwdkigghggeygaealertflcfpttktyfphfdlshgsaqvkahgkkvadalalaaahlddlpaalsalsdlhayklrvdpvnfkllshcllvtlaahhpaeftpavhasldkffssvstvltskyr,hemoglobin subunit alpha [Hyaena hyaena],Metazoa,Chordata,Mammalia,Carnivora,Hyaenidae,Hyaena,142,Laurasiatheria,2
2166937976,46844,Leopardus geoffroyi,mvlsaadksnvkacwgkigshageygaealertfcsfpttktyfphfdlshgsaqvkahgqkvadaltqavahmddlpnalsalsdlhayklrvdpvnfkflshcllvtlachhpaeftpavhasldkffsavstvltskyr,hemoglobin subunit alpha [Leopardus geoffroyi],Metazoa,Chordata,Mammalia,Carnivora,Felidae,Leopardus,142,Laurasiatheria,2
585159800,9713,Leptonychotes weddellii,mvlspadktnvkttwdkigghageyggealertfmafpttktyfphfdlspgsaqvkahgkkvadalttavshiddlpgalsalsdlhayklrvdpvnfkllshcllvtlachhpadftpavhasldkffsavstvltskyr,hemoglobin subunit alpha-1/2 [Leptonychotes weddellii],Metazoa,Chordata,Mammalia,Carnivora,Phocidae,Leptonychotes,142,Laurasiatheria,2
1820924914,76717,Lontra canadensis,mvlspadksnvkstwdkigghageyggealertfvsfpttktyfphfdlshgsaqvkahgkkvadaltnavahiddlpgamsalsdlhayklrvdpvnfkllshcllvtlachhpaeftpavhasldkffsavstvltskyr,hemoglobin subunit alpha [Lontra canadensis],Metazoa,Chordata,Mammalia,Carnivora,Mustelidae,Lontra,142,Laurasiatheria,2
2223376880,9657,Lutra lutra,mvlspadktnvkstwdkigghageyggealertfvsfpttktyfphfdlshgsaqvkahgkkvadaltnavahmddlpgalsalsdlhayklrvdpvnfkllshcllvtlachhpaeftpavhasldkffsavstvltskyr,hemoglobin subunit alpha [Lutra lutra],Metazoa,Chordata,Mammalia,Carnivora,Mustelidae,Lutra,142,Laurasiatheria,2
254753,13125,Lynx lynx,vlsaadksnvkacwgkigshagdygtealertfcsfpttktyfphfdlshgsaqvkahgqkvadaltqavahiddlpnalsalsdlhayklrvdpvnfkflshcllvtlachhpaeftpavhasldkffsavstvltskyr,"hemoglobin alpha chain, Hb-A [Lynx lynx=European lynx, blood, Peptide, 141 aa]",Metazoa,Chordata,Mammalia,Carnivora,Felidae,Lynx,141,Laurasiatheria,1
122435,9659,Martes foina,vlspadktnvkstwdkigghageyggealertfvsfpttktyfphfdlspgsaqvkahgkkvadaltlavghlddlagalsalsdlhahklrvdpvnfkllshcllvtlachhpaeftpavhasldkffstvstvltskyr,RecName: Full=Hemoglobin subunit alpha; AltName: Full=Alpha-globin; AltName: Full=Hemoglobin alpha chain; Contains: RecName: Full=Hemopressin,Metazoa,Chordata,Mammalia,Carnivora,Mustelidae,Martes,141,Laurasiatheria,2
2181326916,9662,Meles meles,mvlspadkanikatwdkigghageyggealertfasfpttktyfphfdlshgsaqvkahgkkvadaltnavahlddlpgalsalsdlhayklrvdpvnfkllshcllvtlachhpaeftpavhasldkffssvstvltskyr,hemoglobin subunit alpha [Meles meles],Metazoa,Chordata,Mammalia,Carnivora,Mustelidae,Meles,142,Laurasiatheria,2
122438,9664,Mellivora capensis,vlspsdkanvkatwdkigghageyggealertfasfpttktyfphfdlspgsaqvkahgkkvadaltnavahgddlpmalstlsdlhayklrvdpvnfkllshcllvtlachhpaeftpavhasldkffstvstvltskyr,RecName: Full=Hemoglobin subunit alpha; AltName: Full=Alpha-globin; AltName: Full=Hemoglobin alpha chain; Contains: RecName: Full=Hemopressin,Metazoa,Chordata,Mammalia,Carnivora,Mustelidae,Mellivora,141,Laurasiatheria,2
2721831674,9716,Mirounga angustirostris,mvlspadktnvknawdkigghageyggealertfmafpttktyfphfdlspgsaqvkahgkkvadalttavahiddlpgalsslsdlhayklrvdpinfkllshcllvtlashhpaeftpavhasldkffstvstvltskyr,hemoglobin subunit alpha [Mirounga angustirostris],Metazoa,Chordata,Mammalia,Carnivora,Phocidae,Mirounga,142,Laurasiatheria,2
1876191732,59515,Addax nasomaculatus,mvlsatdktnvktawakvggnagaygaealermflsfpttktyfphfdlshgsaqvkahgekvagaltkavghlddlpgtlsdlsdlhahklrvdpvnfkllshtllvtlachlpndftpavhasldkflasvstvltskyr,hemoglobin subunit alpha [Addax nasomaculatus],Metazoa,Chordata,Mammalia,Artiodactyla,Bovidae,Addax,142,Laurasiatheria,2
110831902,9853,Alces alces alces,mvlsatdksnvkaawgkvggnapaygaealermflsfpttktyfphfdlshgsaqvkahgekvanaltkavghlddlpgtlsdlsdlhahklrvdpvnfkllshtllvtlaahlpsdftpavhasldkflanvstvltskyr,RecName: Full=Hemoglobin subunit alpha; AltName: Full=Alpha-globin; AltName: Full=Hemoglobin alpha chain; Contains: RecName: Full=Hemopressin,Metazoa,Chordata,Mammalia,Artiodactyla,Cervidae,Alces,142,Laurasiatheria,2
198385320,9899,Ammotragus lervia,mvlsaadksnvkaawgkvgsnagaygaealermflsfpttktyfphfdlshgsaqvkghgekvaaaltkavghledlpgtlsdlsdlhahklrvdpvnfkllshsllvtlachhpsdftpavhasldkflanvstvltskyr,II alpha globin [Ammotragus lervia],Metazoa,Chordata,Mammalia,Artiodactyla,Bovidae,Ammotragus,142,Laurasiatheria,1
2526590216,9767,Balaenoptera acutorostrata,mallqtnkdliatgikefnillnqqvfsdpavpeeamvtvvndwvnfyinyyrqqmvgeqqeqdkavqelrqeldtlsasfldkyrnflkslgapdhrlpss,alpha-hemoglobin-stabilizing protein [Balaenoptera acutorostrata],Metazoa,Chordata,Mammalia,Artiodactyla,Balaenopteridae,Balaenoptera,102,Laurasiatheria,1
742081986,43346,Bison bison bison,mvlsaadkgnvkaawgkvgghaaeygaealermflsfpttktyfphfdlshgsaqvkghgakvaaalakavghlddlpgalselsdlhahklrvdpvnfkllshsllvtlashlpndftpavhasldkflanvstvltskyr,PREDICTED: hemoglobin subunit alpha-I/II [Bison bison bison],Metazoa,Chordata,Mammalia,Artiodactyla,Bovidae,Bison,142,Laurasiatheria,2
2878487968,9915,Bos indicus,mvenkkcvsipvefslvassppilqmahlqnydcywnwpngsfykntyfdrnagrfplwltldplstsslaqresqslksvaetytapldlkmaliqtnkdliskgikefnillnqqvfsdpaiseeamvtvvndwvsfyinyykkqlsgeqdeqdkalqefrqelntlsasfldkyrnflkss,alpha-hemoglobin-stabilizing protein isoform X1 [Bos indicus],Metazoa,Chordata,Mammalia,Artiodactyla,Bovidae,Bos,184,Laurasiatheria,1
253714,89462,Bubalus bubalis,vlsaadkgnvkaawgkvgghaadygaealermflsfpttktyfphfdlshgsaqvkghgakvaaaltkavghlddlpgalselsdlhahklrvdpvnfkllshsllytlashlpsdctpayhaasldkffanvstvltskyr,"hemoglobin AA phenotype alpha 1 chain [Bubalus bubalis=river buffaloes, Peptide, 142 aa]",Metazoa,Chordata,Mammalia,Artiodactyla,Bovidae,Bubalus,142,Laurasiatheria,1
2411742238,37181,Budorcas taxicolor,mvlsaadksnvkaawgkvggnagafgaealermflsfpttktyfphfdlshgsaqvkghgekvaaaltkavghlddlpgtlsdlsdlhahklrvdpvnfkllshsllvtlachlpndftpavhasldkflasvstvltskyr,hemoglobin subunit alpha-1 [Budorcas taxicolor],Metazoa,Chordata,Mammalia,Artiodactyla,Bovidae,Budorcas,142,Laurasiatheria,2
528765669,419612,Camelus ferus,mvlsskdktnvktafgkigghaaeygaealermflgfpttktyfphfdlshgsaqvkahgkkvgdaltkaadhlddlpsalsalsdlhahklrvdpvnfkllshcllvtvaahhpgdftpsvhasldkflanvsilehcrpftflvltqthkkpimvlsskdktnvktafgkigghaaeygaealer,hemoglobin subunit alpha [Camelus ferus],Metazoa,Chordata,Mammalia,Artiodactyla,Camelidae,Camelus,187,Laurasiatheria,2
198385324,9925,Capra hircus,mvlsaadksnvkaawgkvgsnagaygtealermflsfpttktyfphfdlshgsaqvkghgekvaaaltkavghlddlpgtlsdlsdlhahklrvdpvnfkllshsllvtlachhpsdftpavhasldkflanvstvltskyr,II alpha globin [Capra hircus],Metazoa,Chordata,Mammalia,Artiodactyla,Bovidae,Capra,142,Laurasiatheria,1
2813700222,34865,Capricornis sumatraensis,mvlsaadksnvkaawgkvggnagafgaealermflsfpttktyfphfdlshgsaqvkghgekvaaaltkavghlddlpgtlsdlsdlhahklrvdpvnfkllshsllvtlachlpndftpavhasldkflanvstvltskyr,hemoglobin subunit alpha-1 [Capricornis sumatraensis],Metazoa,Chordata,Mammalia,Artiodactyla,Bovidae,Capricornis,142,Laurasiatheria,2
2090184923,1574408,Cervus canadensis,mvlsaadksnvkaawgkvggnapafgaealermflsfpttktyfphfdlshgsaqvkahgekvanaltkavghlddlpgtlsdlsdlhahklrvdpvnfkllshtllvtlashlpndftpavhasldkflanvstvltskyr,hemoglobin subunit alpha [Cervus canadensis],Metazoa,Chordata,Mammalia,Artiodactyla,Cervidae,Cervus,142,Laurasiatheria,2
1876191736,59528,Connochaetes gnou,mvlsaadktnvkaawgkvggnagafgaealermflsfpttktyfphfdlshgsaqvkahgekvaaaltkavghlddlpgtlsdlsdlhahklrvdpvnfkllshsllvtlaghlpndftpavhasldkflasvstvltskyr,hemoglobin subunit alpha [Connochaetes gnou],Metazoa,Chordata,Mammalia,Artiodactyla,Bovidae,Connochaetes,142,Laurasiatheria,2
2625260778,30532,Dama dama,mvlsatdksnvkaawgkvggnapaygaealermflsfpttktyfphfdlshgsaqvkahgekvanaltkavghlddlpgtlsdlsdlhahklrvdpvnfkllshtllvtlaahlpndftpavhasldkflanvstvltskyr,hemoglobin subunit alpha [Dama dama],Metazoa,Chordata,Mammalia,Artiodactyla,Cervidae,Dama,142,Laurasiatheria,2
1876191734,37172,Damaliscus pygargus phillipsi,mvlsaadktnvqaawgkvggkagaygaealermflsfpttktyfphfdlshgsaqvkahgekvaaaltkavghlddlpgalsdlsdlhahklrvdpvnfkllshsllvtlaghhpndftpavhasldkflasvstvltskyr,hemoglobin subunit alpha [Damaliscus pygargus phillipsi],Metazoa,Chordata,Mammalia,Artiodactyla,Bovidae,Damaliscus,142,Laurasiatheria,2
1246207407,9749,Delphinapterus leucas,mvlspadktnvkgtwakignhsaeygaealermfisfpstktyfshfdlghgsaqikghgkkvadaltkavghidnlpdalselsdlhahklrvdpvnfkllshcllvtlalhlpadftpsvhasldkflasvstvltskyr,hemoglobin subunit alpha [Delphinapterus leucas],Metazoa,Chordata,Mammalia,Artiodactyla,Monodontidae,Delphinapterus,142,Laurasiatheria,2
224466210,9728,Delphinus delphis,mvlspadktnvkgtwakignhsaeygaealermfinfpstktyfshfdlghgsaqikghgkkvadaltkavghidnlpdalselsdlhahklrvdpvnfkllshcllvtsalhlpadftpsvhasldkflasvstvltskyr,hemoglobin alpha4 chain [Delphinus delphis],Metazoa,Chordata,Mammalia,Artiodactyla,Delphinidae,Delphinus,142,Laurasiatheria,1
2806554252,9764,Eschrichtius robustus,malqtnkdliatgikefnillnqqvfsdpavpeeamvtvvndwvnfyinyyrqqmvgeqqeqdkavqelrqeldtlsasfldkyrnflkslgapdhrlpss,alpha-hemoglobin-stabilizing protein [Eschrichtius robustus],Metazoa,Chordata,Mammalia,Artiodactyla,Eschrichtiidae,Eschrichtius,101,Laurasiatheria,1
2625717462,27606,Eubalaena glacialis,mqmallqtnkdliatgikefnillnqqvfsdpavpeeamvtvvndwvnfyinyyrqqmvgeqqeqdkavqglrqeldtlsasfldkyrnflkslgapdhrlpss,alpha-hemoglobin-stabilizing protein isoform X1 [Eubalaena glacialis],Metazoa,Chordata,Mammalia,Artiodactyla,Balaenidae,Eubalaena,104,Laurasiatheria,1
2597701741,9731,Globicephala melas,mhsqglaqgrqmallqtnkdliatgmkefnillnqqvfsapvvseedmvtvvndwvnfyisyyrkqmvgeqqeqdkavqqlrqelntlsasfldkyrnflksl,alpha-hemoglobin-stabilizing protein isoform X1 [Globicephala melas],Metazoa,Chordata,Mammalia,Artiodactyla,Delphinidae,Globicephala,103,Laurasiatheria,1
2528715546,575201,Hippopotamus amphibius kiboko,mvlsandksnvkaawgkvgnhapeygaealermflsfpttktyfphfdlshgssqvkahgkkvadaltkavghlddlpgalsdlsdlhahklrvdpvnfkllshcllvtlaahhpsdftpaahasldkflanvstvltskyr,hemoglobin subunit alpha [Hippopotamus amphibius kiboko],Metazoa,Chordata,Mammalia,Artiodactyla,Hippopotamidae,Hippopotamus,142,Laurasiatheria,2
2566684570,27615,Kogia breviceps,mvlspadktnvkaawakvgghaadfgaealermfmsfpstktyfshfdlghnssqikghgkkvadaltkavghldtlpdtlsdlsdlhahklrvdpvnfkllshcllvtlsahlpgdftppvhasldkflasvstvltskyr,hemoglobin subunit alpha [Kogia breviceps],Metazoa,Chordata,Mammalia,Artiodactyla,Physeteridae,Kogia,142,Laurasiatheria,2
2589475259,27610,Lagenorhynchus albirostris,mvlspadktnvkgtwskignhsaeygaealermfinfpstktyfshfdlghgsaqikghgkkvadaltkavghidnlpdalselsdlhahklrvdpvnfkllshcllvtlalhlpadftpsvhasldkflasvstvltskyr,hemoglobin subunit alpha [Lagenorhynchus albirostris],Metazoa,Chordata,Mammalia,Artiodactyla,Delphinidae,Lagenorhynchus,142,Laurasiatheria,2
122413,9844,Lama glama,vlsskdkaniktafgkigghaadygaealermflgfpttktyfphfdlshgsaqvkahgkkvgdaltkaadhlddlpsalsalsdlhahklrvdpvnfkllshcllvtvaahhpgdftpavdasldkflanvstvltskyr,RecName: Full=Hemoglobin subunit alpha; AltName: Full=Alpha-globin; AltName: Full=Hemoglobin alpha chain; Contains: RecName: Full=Hemopressin,Metazoa,Chordata,Mammalia,Artiodactyla,Camelidae,Lama,141,Laurasiatheria,2
602682858,118797,Lipotes vexillifer,mvlspadktnvkgtwakvgnhgaefgaealermftsfpstktyfshfdlghgsaqikghgkkvadaltkavghidnlpdalselsdlhahelrvdpvnfkllshcllvtlalhlpadftpsvhasldkflasvstvltskyr,PREDICTED: hemoglobin subunit alpha-like [Lipotes vexillifer],Metazoa,Chordata,Mammalia,Artiodactyla,Lipotidae,Lipotes,142,Laurasiatheria,3
2589191878,48708,Mesoplodon densirostris,mvlspadktnvkavwgkvgghaaefgaealermfmnfpstktyfshfdlghgsaqikghgkkvadaltkavghmdtlpdalsdlsdlhahklrvdpvnfkllghcllvtlavhlpgdftpsvhasldkflasvstvltskyr,hemoglobin subunit alpha [Mesoplodon densirostris],Metazoa,Chordata,Mammalia,Artiodactyla,Ziphiidae,Mesoplodon,142,Laurasiatheria,2
1430744588,40151,Monodon monoceros,mvlspadksnvkgtwakignhsaeygaealermfisfpstktyfshfdlghgsaqikghgkkvadaltkavghidnlpdalselsdlhahklrvdpvnfkllshcllvtlalhlpadftpsvhasldkflasvstvltskyr,hemoglobin subunit alpha [Monodon monoceros],Metazoa,Chordata,Mammalia,Artiodactyla,Monodontidae,Monodon,142,Laurasiatheria,2
2492285051,68408,Moschus berezovskii,mstfglaqrdnqslksvaetytapldlkmaliqtnkdliskgikefnillnqqvfsdpaiseeamvtvvndwvsfyinyykkqmsgeqqeqdkalqefrqeletlsasfldkyrnflkss,alpha-hemoglobin-stabilizing protein [Moschus berezovskii],Metazoa,Chordata,Mammalia,Artiodactyla,Moschidae,Moschus,120,Laurasiatheria,1
2746031310,9886,Muntiacus reevesi,mtvigtglmeafirihtflaqrdsqrlksvtetstapldpkmaliqtnkdliskgikefnvllnqqvftdpavseeamvtvvndwvsfyidyykkqmsgeqeeqdkalqefrqeldtlsasfldkyknflkss,alpha-hemoglobin-stabilizing protein isoform X1 [Muntiacus reevesi],Metazoa,Chordata,Mammalia,Artiodactyla,Cervidae,Muntiacus,133,Laurasiatheria,1
1378885077,1706337,Neophocaena asiaeorientalis asiaeorientalis,mvlspadktnvkgtwakignhsaeygaealermfinfpstktyfshfdlghgsaqikghgkkvadaltkavghidnlpdalselsdlhahklrvdpvnfkllshcllvtlalhlpadftpsvhasldkflasvstvltskyr,hemoglobin subunit alpha [Neophocaena asiaeorientalis asiaeorientalis],Metazoa,Chordata,Mammalia,Artiodactyla,Phocoenidae,Neophocaena,142,Laurasiatheria,2
110831911,9440,Antrozous pallidus,mvlspadktnvkaawdkvgghagdygaealermflsfpttktyfphfdlshgsaqvkghgkkvgdalgnavahmddlpgalsalsdlhayklrvdpvnfkllshcllvtlachhpgdftpavhasldkflasvstvlvskyr,RecName: Full=Hemoglobin subunit alpha; AltName: Full=Alpha-globin; AltName: Full=Hemoglobin alpha chain; Contains: RecName: Full=Hemopressin,Metazoa,Chordata,Mammalia,Chiroptera,Vespertilionidae,Antrozous,142,Laurasiatheria,2
1927320890,9417,Artibeus jamaicensis,mvlsaadkgnvkaawdkvggqagdygaealermflsfpttktyfphfdlahgsaqvkghgkkvadalttavghlddlpgalsalsdlhayklrvdpvnfkllshcllvtlashlpsdftpavhasldkflasvstvltskyr,hemoglobin subunit alpha [Artibeus jamaicensis],Metazoa,Chordata,Mammalia,Chiroptera,Phyllostomidae,Artibeus,142,Laurasiatheria,2
62901566,50353,Chalinolobus morio,vlspadksnvkaawdkvggsagdygaealermflsfpttktyfphfdlshgsaqvkghgkkvgdalgnavahlddlpgalsalsdlhahklrvdpvnfkllshcllvtvachhpndftpavhasldkflanvstvlvskyr,RecName: Full=Hemoglobin subunit alpha; AltName: Full=Alpha-globin; AltName: Full=Hemoglobin alpha chain; Contains: RecName: Full=Hemopressin,Metazoa,Chordata,Mammalia,Chiroptera,Vespertilionidae,Chalinolobus,141,Laurasiatheria,2
122391,9400,Cynopterus sphinx,vlspadktnvkaawdkvggnageygaealermflsfpttktyfphfdlahgspqvkghgkkvgdaltnavshiddlpgalsalsdlhayklrvdpvnfkllshcllvtlanhlpsdftpavhasldkflasvstvltskyr,RecName: Full=Hemoglobin subunit alpha; AltName: Full=Alpha-globin; AltName: Full=Hemoglobin alpha chain; Contains: RecName: Full=Hemopressin,Metazoa,Chordata,Mammalia,Chiroptera,Pteropodidae,Cynopterus,141,Laurasiatheria,2
1374962190,9430,Desmodus rotundus,mvlsaadkgnvktawdkvggqagnygaealermflgfpttktyfphfdmshdsaqikghgkkvadaltvavghmddlpsalsglsdlhayklrvdpvnfkllghcllvtlachhpsdftpavhasldkflasvstvltskyr,hemoglobin subunit alpha [Desmodus rotundus],Metazoa,Chordata,Mammalia,Chiroptera,Phyllostomidae,Desmodus,142,Laurasiatheria,2
2472484191,29078,Eptesicus fuscus,mvlspadksnvkaawdkvggnagdygaealermflsfpttktyfphfdlshgsaqvkghgkkvgdalgnavahmddlpgalsalsdlhayklrvdpvnfkllshcllvtlachnpaeftpavhasldkflasvstvlvskyr,hemoglobin subunit alpha [Eptesicus fuscus],Metazoa,Chordata,Mammalia,Chiroptera,Vespertilionidae,Eptesicus,142,Laurasiatheria,2
1121793499,186990,Hipposideros armiger,mvlspadksnvkaawdkvggnageygaealermflsfpttktyfphfdlahgsaqvkghgkkvgdaltkavgsiddlagalsalsdlhahklrvdpvnfkllshcllvtlashnpseftpavhasldkflasvstvltskyr,PREDICTED: hemoglobin subunit alpha [Hipposideros armiger],Metazoa,Chordata,Mammalia,Chiroptera,Hipposideridae,Hipposideros,142,Laurasiatheria,2
122437,3371112,Lyroderma lyra,vlsaadkanvkaafdkvggqagdygaealermflsfpttktyfphfdlshgsaqvkahgkkvgdalvnavghlddlpgalsalsdlhayklrvdpvnfklasnvllvtlavhvaagftpavhasldkflasvgtvltskyr,RecName: Full=Hemoglobin subunit alpha; AltName: Full=Alpha-globin; AltName: Full=Hemoglobin alpha chain; Contains: RecName: Full=Hemopressin,Metazoa,Chordata,Mammalia,Chiroptera,Megadermatidae,Lyroderma,141,Laurasiatheria,2
246008,9411,Macroderma gigas,vlspadkanvkaawdkvggqagdygaealermflsfpttktyfphfdlshgsaqvkahgkkvgdalsnaaghlddlpgalsalsdlhayklrvdpvnfkllshcllvtlashhaaeftpavhasldkflasvgtvltskyr,"hemoglobin alpha I chain [Macroderma gigas=Australian ghost bats, Peptide, 141 aa]",Metazoa,Chordata,Mammalia,Chiroptera,Megadermatidae,Macroderma,141,Laurasiatheria,1
122426,9419,Macrotus californicus,vlsaadkgnvkaawdkvggqageygaealermflsfpttktyfphfdlahgsaqvkghgkkvadaltnavghmddlpgalsalsdlhayklrvdpvnfkllshcllvtlashhpaeftpaihasldkffasvstvltskyr,RecName: Full=Hemoglobin subunit alpha; AltName: Full=Alpha-globin; AltName: Full=Hemoglobin alpha chain; Contains: RecName: Full=Hemopressin,Metazoa,Chordata,Mammalia,Chiroptera,Phyllostomidae,Macrotus,141,Laurasiatheria,2
1016699547,291302,Miniopterus natalensis,mvlspadksnvkavwdkvggnaaeygaealermflsfpttktyfphfdlshgsaqvkghgkkvgdaltkavtyvdnlpnalsdlsdlhayklrvdpvnfkllshcllvtlashhpsefspaihasldkflasvstvltskyr,PREDICTED: hemoglobin subunit alpha [Miniopterus natalensis],Metazoa,Chordata,Mammalia,Chiroptera,Miniopteridae,Miniopterus,142,Laurasiatheria,2
1910897689,27622,Molossus molossus,mvlspddksnvkaawgkvggnageygaealermflsfpttktyfphfdlshgsaqvkghgkkvgdaltnavahmddlpgalsalsdlhayklrvdpvnfkllshcllvtlathlpnefnppthasldkffasvstvltskyr,hemoglobin subunit alpha [Molossus molossus],Metazoa,Chordata,Mammalia,Chiroptera,Molossidae,Molossus,142,Laurasiatheria,2
554551827,109478,Myotis brandtii,mvlspadktnvkaawdkvgahagdygaealermflsfpttktyfphfdlshgsaqvkghgkkvgdalgnavahmddlpgalsalsdlhayklrvdpvnfkllshcllvtlachhpneftpaihasldkfmasvstvlvskyr,PREDICTED: hemoglobin subunit alpha isoform X2 [Myotis brandtii],Metazoa,Chordata,Mammalia,Chiroptera,Vespertilionidae,Myotis,142,Laurasiatheria,2
378548355,9387,Blarina brevicauda,vlsasdktnlkaawdklggqaanygaealertfasfpttktyfphfdlspgsaqvkghgkkvadaltkavgslddlpgalsalsdlhahklrvdpvnfkllshcllvtlashhpadftpavhasldkflatvstvltskyr,RecName: Full=Hemoglobin subunit alpha,Metazoa,Chordata,Mammalia,Eulipotyphla,Soricidae,Blarina,141,Laurasiatheria,2
530230119,143302,Condylura cristata,mvlsatdksnikafwgkigdhageygaealertfaafpttktyfphfdlshgsaqikghgkkvadaltnavnhlddlpgalsalsdlhahklrvdpvnfkllshcllvtlachhpsdispavhasldkflatvstvltskyr,"hemoglobin, alpha 2 [Condylura cristata]",Metazoa,Chordata,Mammalia,Eulipotyphla,Talpidae,Condylura,142,Laurasiatheria,1
2591575512,9365,Erinaceus europaeus,mvlsatdkanvktfwgklgghggeyggealdrmfqahpttktyfphfdlnpgsaqvkghgkkvadalttavnnlddvpgalsalsdlhahklrvdpvnfkllshcllvtlalhhpadftpavhasldkflatvatvltskyr,hemoglobin subunit alpha [Erinaceus europaeus],Metazoa,Chordata,Mammalia,Eulipotyphla,Erinaceidae,Erinaceus,142,Laurasiatheria,2
2076549982,202257,Galemys pyrenaicus,mvlsatdktnikaawdkvgshagdygaealertftsfpttktyfphfdmshgsaqikahgkkvadaltnavghlddlpgamsalsdlhahklrvdpvnfkllshcllvtlashhpndftpavhasldkflatvstvltskyr,Hemoglobin subunit alpha [Galemys pyrenaicus],Metazoa,Chordata,Mammalia,Eulipotyphla,Talpidae,Galemys,142,Laurasiatheria,2
358002578,182677,Neurotrichus gibbsii,mvlsaadktnikaawdkvgshagdygaealertfasfpttktyfphfdlnpgsaqvkghgkkvadaltnavahlddlpgamsalsdlhahklrvdpvnfkllshsllvtlachhpadftpavhasldkflatvstvltskyr,hemoglobin subunit alpha [Neurotrichus gibbsii],Metazoa,Chordata,Mammalia,Eulipotyphla,Talpidae,Neurotrichus,142,Laurasiatheria,2
115502088,9807,Ceratotherium simum,mvlsptdktnvktawghvgaqageygaealermflsfpttktyfphfdlshgsaqvkahgkkvgdaltqavghlddlpgalsalsdlhayklrvdpvnfkllshcllvtlalhhpqdftpavhasldkflsnvstvltskyr,RecName: Full=Hemoglobin subunit alpha; AltName: Full=Alpha-globin; AltName: Full=Hemoglobin alpha chain; Contains: RecName: Full=Hemopressin,Metazoa,Chordata,Mammalia,Perissodactyla,Rhinocerotidae,Ceratotherium,142,Laurasiatheria,2
2555152565,77932,Diceros bicornis minor,mvlsptdktnvktawghvgghageygaealermflsfpttktyfphfdlshgsaqvkahgkkvgdaltqavghlddlpgalsalsdlhayklrvdpvnfkllshcllvtlalhnpqdftpavhasldkflsnvstvltskyr,hemoglobin subunit alpha [Diceros bicornis minor],Metazoa,Chordata,Mammalia,Perissodactyla,Rhinocerotidae,Diceros,142,Laurasiatheria,2
2731402,9793,Equus asinus,mvlsaadktnvkaawskvggnagefgaealermflgfpttktyfphfdlshgsaqvkahgkkvgdaltlavghlddlpgalsnlsdlhahklrvdpvnfkllshcllstlavhlpndftpavhasldkflstvstvltskyr,alpha 2 hemoglobin [Equus asinus],Metazoa,Chordata,Mammalia,Perissodactyla,Equidae,Equus,142,Laurasiatheria,1
122479,9809,Rhinoceros unicornis,vlsptdktnvktawshvgahageygaealermflsfpttktyfphfdlshgsaqvkahgkkvgdaltqavghlddlpgalsalsdlhayklrvdpvnfkllshcllvtlalhnpqdftpavhasldkflsnvstvltskyr,RecName: Full=Hemoglobin subunit alpha; AltName: Full=Alpha-globin; AltName: Full=Hemoglobin alpha chain; Contains: RecName: Full=Hemopressin,Metazoa,Chordata,Mammalia,Perissodactyla,Rhinocerotidae,Rhinoceros,141,Laurasiatheria,2
122494,9801,Tapirus terrestris,vlsptdktnvkaawskvgshageygaealermflgfpttktyfphfdlshgsaqvqahgkkvgdaltqavghlddlpgalsalsdlhayklrvdpvnfkllshcllvtlalhhpddftpaihasldkflsnvstvltskyr,RecName: Full=Hemoglobin subunit alpha-1/2; AltName: Full=Alpha-1/2-globin; AltName: Full=Hemoglobin alpha-1/2 chain,Metazoa,Chordata,Mammalia,Perissodactyla,Tapiridae,Tapirus,141,Laurasiatheria,2
2957699805,9974,Manis javanica,mvlsdedksnikaawakvgshageygaealertflsfpttktyfphfdlshgsaqvkahgkkvgealnnavahlndlptalsalsdlhafklrvdpvnfkllshcllvtlashhpedftpavhasldkfltsvstvltskyr,hemoglobin subunit alpha [Manis javanica],Metazoa,Chordata,Mammalia,Pholidota,Manidae,Manis,142,Laurasiatheria,2
2318338603,60746,Acomys russatus,mvlsaedkanvraawdkigghgaeygaealermfdsfpttktyfphfdlshgsaqvkghgqkvadalataashlddlpsalsalsdlhahklrvdpvnfkllshcllvtlanhhpadftpavhasldkflatvgtvltskyr,hemoglobin subunit alpha [Acomys russatus],Metazoa,Chordata,Mammalia,Rodentia,Muridae,Acomys,142,Euarchontoglires,2
1226042084,183514,Aconaemys fuscus,mvlspadktnvktawgkigghgaeygaealfrmflsfpttktyfhhfdlsagsaqikshgkkvsdalttavdhlddlptalsalsdlhahklrvdpvnfkllshcllvtlsahhpadftpavhasldkflatvstvltsktr,hemoglobine alpha globin subunit [Aconaemys fuscus],Metazoa,Chordata,Mammalia,Rodentia,Octodontidae,Aconaemys,142,Euarchontoglires,1
414524181,2162900,Alexandromys oeconomus,mvlspadkanvkaawgkvgshageygaealermflsfpttktyfphfdvshgsaqvkahgkkvadaltqavdhlddlpgalsalsdlhahklrvdpvnfkllahcllvtlanhhpneltpavhasldkflanvstvltskyr,hemoglobin alpha chain [Alexandromys oeconomus],Metazoa,Chordata,Mammalia,Rodentia,Cricetidae,Alexandromys,142,Euarchontoglires,1
2800093296,105296,Apodemus speciosus,mvlsgddkanikaawgkigghgaeygaealermftsfpttktyfphfdvshgsaqvkghgkkvadalanaaghledlpgalsslsdlhahklrvdpvnfkllshcllvtlashhpadftpavhasldkflasvstvltskyr,Alpha globin 1 [Apodemus speciosus],Metazoa,Chordata,Mammalia,Rodentia,Muridae,Apodemus,142,Euarchontoglires,1
1842147303,61156,Arvicanthis niloticus,mapfqtnkdlistgikefnvlldqqvfddpliseedmmtvvndwvnlytnyykkhvlgsqqeqdgalkelqqelstlgsqflakyrtflkskeppssklpss,alpha-hemoglobin-stabilizing protein [Arvicanthis niloticus],Metazoa,Chordata,Mammalia,Rodentia,Muridae,Arvicanthis,102,Euarchontoglires,1
1949673465,1047088,Arvicola amphibius,mvlsgddktniktawgkigghaaeygaealermflvypttktyfphfdvshgsaqvkghgkkvadaltsavghlddlpgalsalsdlhahklrvdpvnfkllshcllvtlanhipgdftpavhasldkflasvstvltskyr,hemoglobin subunit alpha [Arvicola amphibius],Metazoa,Chordata,Mammalia,Rodentia,Cricetidae,Arvicola,142,Euarchontoglires,2
3057982058,76772,Callospermophilus lateralis,mahlqsnkdlistgmkefnvllnqqvfndpliseedmmtvvddwvnfyvnyykqhmkgeqqeqvgalqelqqqldilaksflvkykdflkshehpnhklpsf,alpha-hemoglobin-stabilizing protein [Callospermophilus lateralis],Metazoa,Chordata,Mammalia,Rodentia,Sciuridae,Callospermophilus,102,Euarchontoglires,1
1139432807,51338,Castor canadensis,mvlssddkanikaawskvgghgaeygaealermfhsfpttktyfphfdlshgsaqikvhgkkvaealtnasnhlddlysalsdlsdlhahklrvdpvnfkllshsllvtlanhhpneftpsihasldkffaavgtvltskyr,"hemoglobin alpha, adult chain 2 [Castor canadensis]",Metazoa,Chordata,Mammalia,Rodentia,Castoridae,Castor,142,Euarchontoglires,1
1226042096,37548,Cavia aperea,mvlstadknnvkttwdkigghapeyvaegltrmftsfpttktyfhhidvspgsgdikahgkkvadalttavghlddlptalstlsdvhahklrvdpvnfkflnhcllvtlaahlgadftpsihasldkffasvstvltskyr,hemoglobine alpha globin subunit [Cavia aperea],Metazoa,Chordata,Mammalia,Rodentia,Caviidae,Cavia,142,Euarchontoglires,1
918609388,34839,Chinchilla lanigera,mslsdedkaylrfawrkfeptwgqhspdavyrmflsfpstktyfphfdmtpgspqiqahgkkvanalnkaveniddmptalsdlsdlhayklrvdpvnfkllnhsmlvtmaknypedftpqfhatmdkfltavgsvltskyr,PREDICTED: hemoglobin subunit alpha-3-like [Chinchilla lanigera],Metazoa,Chordata,Mammalia,Rodentia,Chinchillidae,Chinchilla,142,Euarchontoglires,2
2528560910,269649,Chionomys nivalis,msspnglawhassreaspptistpgrpitllqdleagrfrlklaldsaylplsaedtptlksvaeatsapldlkmapfqtnkelistgikefnvllnqqvfndplipeesmvivvddwvnlyinyyknhvlgeqqekdkvlqelqqelstlgsqfltkyrtilktrepsnrelpss,alpha-hemoglobin-stabilizing protein [Chionomys nivalis],Metazoa,Chordata,Mammalia,Rodentia,Cricetidae,Chionomys,176,Euarchontoglires,1
115502091,10085,Cricetomys gambianus,mvlsaddkanikatwekigghgaeygaealermfasfpttktyfphfdvshgsaqvkshgkkvadalanaahhlddlpgalsalsdlhahklrvdpvnfkllghcllvtlathlqagltpaahasldkflasvstvltskyr,RecName: Full=Hemoglobin subunit alpha; AltName: Full=Alpha-globin; AltName: Full=Hemoglobin alpha chain; Contains: RecName: Full=Hemopressin,Metazoa,Chordata,Mammalia,Rodentia,Nesomyidae,Cricetomys,142,Euarchontoglires,2
1868360200,10029,Cricetulus griseus,mvlsaedknnirtvwskigghgaeygaealgrmfvtypttktyfphfdvshgsaqvkahgakvadalakaashlddlpgtlsslsdlhahelrvdpvnfkllsqcllvtlanhhpadftpavhasldkflasvstvltskyr,hemoglobin subunit alpha isoform X3 [Cricetulus griseus],Metazoa,Chordata,Mammalia,Rodentia,Cricetidae,Cricetulus,142,Euarchontoglires,2
122388,10166,Ctenodactylus gundi,vlsaadktnvkaawdkigghggeygaealermflsfpttktyfphfdvshgsaqvkahgkkvadalanaashlddlpnalsalsdlhahklrvdpvnfkllshcllvtlachhpaeftpavhasldkflatvatvltskyr,RecName: Full=Hemoglobin subunit alpha; AltName: Full=Alpha-globin; AltName: Full=Hemoglobin alpha chain; Contains: RecName: Full=Hemopressin,Metazoa,Chordata,Mammalia,Rodentia,Ctenodactylidae,Ctenodactylus,141,Euarchontoglires,2
1226042072,61871,Ctenomys leucodon,mvlspadktnvkaawdkigshgaeygaealfrmflsfpttktyfhhfdlspgsaqvkahgkkvsdalttavghlddlpsalsalsdlhahklrvdpvnfkllshcllvtlslhhpaeftpavhasldkflatvstvltskyr,hemoglobine alpha globin subunit [Ctenomys leucodon],Metazoa,Chordata,Mammalia,Rodentia,Ctenomyidae,Ctenomys,142,Euarchontoglires,1
2859757273,94247,Dipodomys merriami,mvlsaadkanikaawdkigshgadygaealermflgfpttktyfphfdlshgsaqvqghgkkvaealttavghledlpgalsalsdlhahklrvdpvnfkllshcllvtlanhhpseftpavhasldkflaavstvltskyr,hemoglobin subunit alpha-1/2 [Dipodomys merriami],Metazoa,Chordata,Mammalia,Rodentia,Heteromyidae,Dipodomys,142,Euarchontoglires,2
2442239965,146132,Eospalax fontanierii baileyi,mvlspddktnikgawekigghggelgaealermftsfpttktyfphfdvshgsaqvkahgkkvadaltnaanhlddlpsalsalsdlhahklrvdpvnfkllshcllvtlanhypaeftpavhasldkflasvstvltskyr,hemoglobin alpha chain [Eospalax fontanierii baileyi],Metazoa,Chordata,Mammalia,Rodentia,Spalacidae,Eospalax,142,Euarchontoglires,1
731208367,885580,Fukomys damarensis,mvlspadksnvkaawdkigghgaqygaealcrmflsfpttktyfhhfdlspgsaqvqghgkkvadalttavghlddlpnalsalsdlhahklrvdpvnfkllshcllvtlaahhpaeftpsvhasldkflatvstvltskyr,hemoglobin subunit alpha [Fukomys damarensis],Metazoa,Chordata,Mammalia,Rodentia,Bathyergidae,Fukomys,142,Euarchontoglires,2
1621901632,491861,Grammomys surdaster,mvlseqdktniknawgkigghgaeygaealermfagfpttktyfphfdvshgssqvqahgkkvadaltkavghlddlpgalsdlsdlhahklrvdpvnfkllshcllvtlanhhpadftpgmhasldkffatvstvltskyr,hemoglobin subunit alpha [Grammomys surdaster],Metazoa,Chordata,Mammalia,Rodentia,Muridae,Grammomys,142,Euarchontoglires,2
513025151,10181,Heterocephalus glaber,mslsnedkaclrsvwkeigpswpehcpdaiyrmflsfpstktyfpnfdispgspqiqahgrkvadalnkavehiddmpaalsdlsdkhsqelrvdpvnfkllkhtmlvtmaanypeiltpevllsldklmeavsrvlisryr,hemoglobin subunit alpha [Heterocephalus glaber],Metazoa,Chordata,Mammalia,Rodentia,Bathyergidae,Heterocephalus,142,Euarchontoglires,2
537392958,43179,Ictidomys tridecemlineatus,mvlspadknnvkacwekigghgaaygaealermflsfpttktyfphfdlshgsaqvqghgkkvadalanaaahvddlpgalstlsdlhahklrvdpvnfkllshcllvtlaahhpaeftpavhasldkflasvstvltskyc,hemoglobin alpha [Ictidomys tridecemlineatus],Metazoa,Chordata,Mammalia,Rodentia,Sciuridae,Ictidomys,142,Euarchontoglires,1
507536267,51337,Jaculus jaculus,mvlsaedkanvkaawdkigghgaeygaealermfssfpttktyfphfdvshgsaqvkahgkkvadalataaghlddlptalsvlsdlhahklrvdpvnfkllahcllvtlsahhpadfnpavhasldkflaavatvltskyr,hemoglobin subunit alpha [Jaculus jaculus],Metazoa,Chordata,Mammalia,Rodentia,Dipodidae,Jaculus,142,Euarchontoglires,2
1562450271,93162,Marmota flaviventris,mahlqsnkdlistgmkefnvllnqqvfndpliseedmmtvvddwvnfyvnyykqhmkgeqqeqvgalqelqqqldilaksflvkykdflksqehpnhklpsf,alpha-hemoglobin-stabilizing protein [Marmota flaviventris],Metazoa,Chordata,Mammalia,Rodentia,Sciuridae,Marmota,102,Euarchontoglires,1
1768047980,35658,Mastomys coucha,mvlsaedkanlrtvwdkiagradygaeaigrmfesfpatktyfphfdtgkhspqiqahgkkvidaltvaanniddlpgalsalsdlhahklrvdpvnfkllshcllvtlashhpadftpavhasldkflasvstvltskyr,hemoglobin subunit alpha-like [Mastomys coucha],Metazoa,Chordata,Mammalia,Rodentia,Muridae,Mastomys,141,Euarchontoglires,3
1211458136,10047,Meriones unguiculatus,mapfqtnkdliatgirefnvllnqqvftdplipeenmvtvvddwvnlyinyykkhmfgeqqeqdkalkelqqelsalgsqfltkyrtflkskdlpssevpsskhqgsghhv,alpha-hemoglobin-stabilizing protein [Meriones unguiculatus],Metazoa,Chordata,Mammalia,Rodentia,Muridae,Meriones,111,Euarchontoglires,1
2025749696,10036,Mesocricetus auratus,mvlsakdktniseawgkigghageygaealermffvypttktyfphfdvshgsaqvkghgkkvadaltnavghlddlpgalsalsdlhahklrvdpvnfkllshcllvtlanhhpadftpavhasldkffasvstvltskyr,hemoglobin subunit alpha [Mesocricetus auratus],Metazoa,Chordata,Mammalia,Rodentia,Cricetidae,Mesocricetus,142,Euarchontoglires,2
3037414136,10058,Microtus pennsylvanicus,mapfqtnkelistgikefnvllnqqvfndplipeesmvtvvddwvnlyinyyknhvlggqqekdkalqelqqelstlgsqfltkyrtilktrepsnrelpss,alpha-hemoglobin-stabilizing protein [Microtus pennsylvanicus],Metazoa,Chordata,Mammalia,Rodentia,Cricetidae,Microtus,102,Euarchontoglires,1
145301549,10090,Mus musculus,mvlsgedksnikaawgkigghgaeygaealermfasfpttktyfphfdvshgsaqvkghgkkvadalanaaghlddlpgalsalsdlhahklrvdpvnfkllshcllvtlashhpadftpavhasldkflasvstvltskyr,"hemoglobin alpha, adult chain 2 [Mus musculus]",Metazoa,Chordata,Mammalia,Rodentia,Muridae,Mus,142,Euarchontoglires,1
658157874,447135,Myodes glareolus,mvlseedksnirttwskisgdaaeygaealermflaypttktyfphfdvshgsaqvkahgkkvadaltnavghlddlpgalsdlsdlhahslrvdpvnfkllshslqvtlanhhpteftpevhasmdkflasvstvltskyr,alpha-globin [Myodes glareolus],Metazoa,Chordata,Mammalia,Rodentia,Cricetidae,Myodes,142,Euarchontoglires,1
674082701,1026970,Nannospalax galili,mvlspedknhvrstwdkigghgaeygaealermftsfpttktyfphfdvshgsaqvkahgkkvadalanaaghlddlpgalsalsdlhahklrvdpvnfkllshcllvtlanhhpaeftpgvhasldkflasvstvltskyr,hemoglobin subunit alpha [Nannospalax galili],Metazoa,Chordata,Mammalia,Rodentia,Spalacidae,Nannospalax,142,Euarchontoglires,2
507631735,10160,Octodon degus,mvlspadktnvktawgkigghgaeygaealfrmflsfpttktyfhhfdlsagsaqikshgkkvsdalttavdhlddlptalsalsdlhahklrvdpvnfkllshcllvtlsahhpadftpavhasldkflatvstvltskyr,hemoglobin subunit alpha [Octodon degus],Metazoa,Chordata,Mammalia,Rodentia,Octodontidae,Octodon,142,Euarchontoglires,2
122450,10060,Ondatra zibethicus,vlsgedknniktawgkigghaaeygaealermfvvypttktyfphfdvshgsgqvkahgkkvadalttavghlddlpgalsalsdlhahklrvdpvnfkllshcllvtlanhipadftpavhasldkflasvstvltskyr,RecName: Full=Hemoglobin subunit alpha; AltName: Full=Alpha-globin; AltName: Full=Hemoglobin alpha chain; Contains: RecName: Full=Hemopressin,Metazoa,Chordata,Mammalia,Rodentia,Cricetidae,Ondatra,141,Euarchontoglires,2
1908095908,38674,Onychomys torridus,mvlsaedkanvkaawskigghgaeygaealermfdsfpttktyfphfdvshgsaqvkahgakvasalataaghlddlpgalsalsdlhahklrvdpvnfkllshcllvtlanhlpaeftpavhasldkflasvstvltskyr,hemoglobin subunit alpha [Onychomys torridus],Metazoa,Chordata,Mammalia,Rodentia,Cricetidae,Onychomys,142,Euarchontoglires,2
378548360,34862,Otospermophilus beecheyi,vlspadktnvkasweklgghgaaygaealermflsfpttktyfphfdlshgsaqlqghgkkvadalanaaahvddlpgalsalsdlhahklrvdpvnfkllshcllvtlaahlpadftpavhasldkflasvstvltskyr,RecName: Full=Hemoglobin subunit alpha,Metazoa,Chordata,Mammalia,Rodentia,Sciuridae,Otospermophilus,141,Euarchontoglires,2
2240595723,214514,Perognathus longimembris pacificus,mvlsatdkanvhaawdkvgghgaeygaealermflgfpttktyfphfdvshgspqvkahgkkvaealanasshlddlpnalsalsdlhahklrvdpvnfkllshcllvtlanhhpddftpavhasldkffaavstvltskyr,hemoglobin subunit alpha [Perognathus longimembris pacificus],Metazoa,Chordata,Mammalia,Rodentia,Heteromyidae,Perognathus,142,Euarchontoglires,2
762061013,57100,Peromyscus aztecus,mvlsaddktnvknawgkigghgaeygaealermfcsfpttktyfphfdvshgsaqvkahggkvasalttaashlddlpgalsalsdlhahklrvdpvnfkllshcllvtlaahhpaeftpavhasldkffasvstvltskyr,alpha-globin subunit [Peromyscus aztecus],Metazoa,Chordata,Mammalia,Rodentia,Cricetidae,Peromyscus,142,Euarchontoglires,1
2318691740,109678,Phodopus roborovskii,mapfqtnkelisagikqfnvllnqqvfsdplipeesmvtvvddwvnlyinyyknhvlgeqqeqdkalqelqqelntlgsqfltkygtylksrepsnselpss,alpha-hemoglobin-stabilizing protein [Phodopus roborovskii],Metazoa,Chordata,Mammalia,Rodentia,Cricetidae,Phodopus,102,Euarchontoglires,1
1226042090,34837,Proechimys longicaudatus,mvlspadktnvkaawdkigghgadygaealwrmflsfpttktyfhhfdlsagsaqikahgkkvaealtlavghlddlptalsalsdlhahklrvdpvnfkllshcllvtlaahhpaeftpathasldkflstvstvltskyr,hemoglobine alpha globin subunit [Proechimys longicaudatus],Metazoa,Chordata,Mammalia,Rodentia,Echimyidae,Proechimys,142,Euarchontoglires,1
2496815897,48139,Psammomys obesus,mapfqtnkdliatgirefnvllnqqvfsdplipeenmvtvvddwvnlyinyykkhmlgeqqeqdktlkelqqelsalgsqfltkyrtflkskdppssevpss,alpha-hemoglobin-stabilizing protein [Psammomys obesus],Metazoa,Chordata,Mammalia,Rodentia,Muridae,Psammomys,102,Euarchontoglires,1
60678292,10116,Rattus norvegicus,mvlsaadktnikncwgkigghggeygeealqrmfaafpttktyfshidvspgsaqvkahgkkvadalakaadhvedlpgalstlsdlhahklrvdpvnfkflshcllvtlachhpgdftpamhasldkflasvstvltskyr,"hemoglobin alpha, adult chain 2 [Rattus norvegicus]",Metazoa,Chordata,Mammalia,Rodentia,Muridae,Rattus,142,Euarchontoglires,1
2219437535,30640,Sciurus carolinensis,mahlqankdlistgmkefnvllnqqvfndpliseedmvtvvndwvnlyvnyyrqhvtgeqqeqdralqelqqelnilakpflakykdilksckhpnhklpss,alpha-hemoglobin-stabilizing protein [Sciurus carolinensis],Metazoa,Chordata,Mammalia,Rodentia,Sciuridae,Sciurus,102,Euarchontoglires,1
2795349420,42415,Sigmodon hispidus,mvlsgedksnvknfwgkigghggeygsealermfvsfpttktyfphydmshgsaqikahgqkiaqalttavdhlddlpgalsdlsdlhahklrvdpvnfkllshclqvtmanhhpadftpavhasmdkflasvstvltskyr,alpha-globin [Sigmodon hispidus],Metazoa,Chordata,Mammalia,Rodentia,Cricetidae,Sigmodon,142,Euarchontoglires,1
1226042078,61880,Spalacopus cyanus,mvlspadktnvktawgkigghaaeygaealfrmflsfpttktyfhhfdlsagsaqikshgkkvsdalttavnhlddlptalsalsdlhahklrvdpvnfkllshcllvtlsahhpadftpavhasldkflatvstvltskyr,hemoglobine alpha globin subunit [Spalacopus cyanus],Metazoa,Chordata,Mammalia,Rodentia,Octodontidae,Spalacopus,142,Euarchontoglires,1
122484,9997,Spermophilus citellus,vlspadkknvkdcwekigghgaeygaealermflsfpttktyfphfdlshgsaqvqghgkkvadalanaaahvddlpgalsalsdlhahklrvdpvnfkllshcllvtlaahhpaeftpavhasldkflasvstvltskyr,RecName: Full=Hemoglobin subunit alpha; AltName: Full=Alpha-globin; AltName: Full=Hemoglobin alpha chain; Contains: RecName: Full=Hemopressin,Metazoa,Chordata,Mammalia,Rodentia,Sciuridae,Spermophilus,141,Euarchontoglires,2
537392960,45468,Tamias minimus,mvlspadktnvkacwekvgghgaaygaealermflsfpttktyfphfdlshgsaqvqahgkkvadvlanaaghlddlpsamsalsdlhahklrvdpvnfkllshcllvtlaahhpaeftpavhasldkflatvstvltsky,hemoglobin alpha [Tamias minimus],Metazoa,Chordata,Mammalia,Rodentia,Sciuridae,Tamias,141,Euarchontoglires,1
378548361,10009,Tamiasciurus hudsonicus,vlsaadktnvksawdklgghgaeygaealgrmflsfpttktypfhfdlshgsaqpqghgkkvaealataaghlddlpgalsalsdlhahklrvdpvnfkllshcllvtlaahmpaeftpavhasldkflasvstvltskyr,RecName: Full=Hemoglobin subunit alpha,Metazoa,Chordata,Mammalia,Rodentia,Sciuridae,Tamiasciurus,141,Euarchontoglires,2
1226042086,61882,Tympanoctomys barrerae,mvlspadktnvktawgkigghgaeygaealfrmflsfpttktyfhhfdmsagsaqikshgkkvsdalttavehlddlptalsalsdlhahklrvdpvnfkllshcllvtlsahhpadftpavhasmdkflatvstvltskyr,hemoglobine alpha globin subunit [Tympanoctomys barrerae],Metazoa,Chordata,Mammalia,Rodentia,Octodontidae,Tympanoctomys,142,Euarchontoglires,1
1474821786,9999,Urocitellus parryii,mvlspadktnvkacwekigghgaaygaealermflsfpttktyfphfdlshgsaqvqghgkkvadalanaaahvddlpgalsalsdlhahklrvdpvnfkllshcllvtlaahhpaeftpavhasldkflasvstvltskyr,hemoglobin subunit alpha [Urocitellus parryii],Metazoa,Chordata,Mammalia,Rodentia,Sciuridae,Urocitellus,142,Euarchontoglires,2
2687706319,10141,Cavia porcellus,mallqankdlisvgmkefnillnqqvfdhpliaeedlvvivndwvnmyinyyrqrvtgekqeqdralqelqqelrtlanpflaryraflksleesnravpss,alpha-hemoglobin-stabilizing protein [Cavia porcellus],Metazoa,Chordata,Mammalia,Rodentia,Caviidae,Cavia,102,Euarchontoglires,1
762060993,42410,Peromyscus eremicus,mvlsaedkanvktvwskigghgadygaealgrmfesypttktyfphfdvspgsaqvkahgtkvadalataadnlddlpgalsalsdlhahnlrvdpvnfkflshclqvtlanhhpaeftpavhasvdkflasvstvltskyr,alpha-globin subunit [Peromyscus eremicus],Metazoa,Chordata,Mammalia,Rodentia,Cricetidae,Peromyscus,142,Euarchontoglires,1
1498472065,54135,Allenopithecus nigroviridis,mvlspadksnvkaawgkvgghageygaealermflsfpttktyfphfdlshgsaqvkghgkkvadaltlavghvddmphalsalsdlhahklrvdpvnfkllshcllvtlaahlpaeftpavhasldkflasvstvltskyr,hemoglobin subunit alpha [Allenopithecus nigroviridis],Metazoa,Chordata,Mammalia,Primates,Cercopithecidae,Allenopithecus,142,Euarchontoglires,2
817309587,37293,Aotus nancymaae,mallkankdlisaglkefnvllnqqvfddpliseedmltvvedwmnfyinyyrqqvtgepqerdkalqelrqelntlidpflakyreflksrelpshpspss,alpha-hemoglobin-stabilizing protein [Aotus nancymaae],Metazoa,Chordata,Mammalia,Primates,Aotidae,Aotus,102,Euarchontoglires,1
110831918,9509,Ateles geoffroyi,mvlspadksnvkaawgkvgghagdygaealermflsfpttktyfphfdlshgsaqvkghgkkvadaltnavahvddmpnalsalsdlhahklrvdpvnfkllshcllvtlaahhpadftpavhasldkflasvstvltskyr,RecName: Full=Hemoglobin subunit alpha; AltName: Full=Alpha-globin; AltName: Full=Hemoglobin alpha chain; Contains: RecName: Full=Hemopressin,Metazoa,Chordata,Mammalia,Primates,Atelidae,Ateles,142,Euarchontoglires,2
1864417489,9483,Callithrix jacchus,mallkankdlisaglkefnvllnqqvfndpliseedmvivvedwmnfyinyyrqqvtgdpqerdkalqelrqelntlinpflakyrdflksrelpshpppss,alpha-hemoglobin-stabilizing protein [Callithrix jacchus],Metazoa,Chordata,Mammalia,Primates,Cebidae,Callithrix,102,Euarchontoglires,1
640780820,1868482,Carlito syrichta,mflsfpttktyfphfdlshgssqvkghgkkvadalttavghmddmpnalsalsdlhahklrvdpvnfkllshcllvtlachhpadftpavhasldkflasvstvltskyr,hemoglobin subunit alpha [Carlito syrichta],Metazoa,Chordata,Mammalia,Primates,Tarsiidae,Carlito,110,Euarchontoglires,2
1934031293,2715852,Cebus imitator,mvlspadktnvktawgkvgghagdygaealermflsfpttktyfphfdlshgsaqvkghgkkvadalsnavahvddmpnalsalsdlhahklrvdpvnfkllshcllvtlaahhpadftpavhasldkflasvstvltskyr,hemoglobin subunit alpha [Cebus imitator],Metazoa,Chordata,Mammalia,Primates,Cebidae,Cebus,142,Euarchontoglires,2
122495,9477,Cephalopachus bancanus,vlspadktnvkaawdkvgghagdygaealermflsfpttktyfphfdlshgssqvkghgkkvadalttavghidnmpnalsalsdlhahklrvdpvnfkllshcllvtlachhpadftpavhasldkfvasvstvltskyr,RecName: Full=Hemoglobin subunit alpha; AltName: Full=Alpha-globin; AltName: Full=Hemoglobin alpha chain; Contains: RecName: Full=Hemopressin,Metazoa,Chordata,Mammalia,Primates,Tarsiidae,Cephalopachus,141,Euarchontoglires,2
122377,9531,Cercocebus atys,vlspddkkhvkaawgkvgehageygaealermflsfpttktyfphfnlshgsdqvkghgkkvadaltlavghvddmphalsklsdlhahklrvdpvnfkllshcllvtlaahlpaeftpavhasldkflasvstvltskyr,RecName: Full=Hemoglobin subunit alpha; AltName: Full=Alpha-globin; AltName: Full=Hemoglobin alpha chain; Contains: RecName: Full=Hemopressin,Metazoa,Chordata,Mammalia,Primates,Cercopithecidae,Cercocebus,141,Euarchontoglires,2
1498472069,263448,Cercopithecus wolfi,mvlspadknnvkaawgkvgghageygaealermflsfpttktyfphfdlshgsaqvkghgkkvadaltlavghvddmpqalsalsdlhahklrvdpvnfkllshcllvtlaahlpaeftpavhasldkflasvstvltskyr,hemoglobin subunit alpha [Cercopithecus wolfi],Metazoa,Chordata,Mammalia,Primates,Cercopithecidae,Cercopithecus,142,Euarchontoglires,2
635031995,60711,Chlorocebus sabaeus,mallkankdlisagrqefsvllnqqvfndpliseedmvtvvedwmnfyinyyrqqvtgepqerdralqelrqelntlanpflakyrdflkshelrshpppss,alpha-hemoglobin-stabilizing protein [Chlorocebus sabaeus],Metazoa,Chordata,Mammalia,Primates,Cercopithecidae,Chlorocebus,102,Euarchontoglires,1
795297664,336983,Colobus angolensis palliatus,mvlspadksnvkaawgkvgghggeygaealermflsfpttktyfphfdlshgsaqvkghgkkvadalanavahvddmpnalsalsdlhahklrvdpvnfkllshcllvtlaahhpaeftpavhasldkflasvstvltskyr,PREDICTED: hemoglobin subunit alpha isoform X1 [Colobus angolensis palliatus],Metazoa,Chordata,Mammalia,Primates,Cercopithecidae,Colobus,142,Euarchontoglires,2
2843003169,31869,Daubentonia madagascariensis,mvlspadkgnvkaawnvvgahgpdygaealermflsfpptktyfphfdlshgsaqvkahgkkvadalgnavahvddlatalsalsdlhahklrvdpvnfkllshcllvtlashhpaeftpavhasldkffaavstvltskyr,hemoglobin subunit alpha [Daubentonia madagascariensis],Metazoa,Chordata,Mammalia,Primates,Daubentoniidae,Daubentonia,142,Euarchontoglires,2
1498472061,9538,Erythrocebus patas,mvlspadksnvkaawgkvgghageygaealermflsfpttktyfphfdlshgsaqvkghgkkvadaltlavghvddmphalsalsdlhahklrvdpvnfkllshcllvtlaahlpaeftpavhasldkflasvstvltskyr,hemoglobin subunit alpha [Erythrocebus patas],Metazoa,Chordata,Mammalia,Primates,Cercopithecidae,Erythrocebus,142,Euarchontoglires,2
2837958551,859984,Eulemur rufifrons,maflqtnknlistgmkefnvllkqqvfndppvseeamvtvvddwmnfyinyyrrqvtgeqeeqdralqqlqqelntlantflakyraflkshehlnhplpsf,alpha-hemoglobin-stabilizing protein [Eulemur rufifrons],Metazoa,Chordata,Mammalia,Primates,Lemuridae,Eulemur,102,Euarchontoglires,1
2694958461,9595,Gorilla gorilla gorilla,mallkankdlisaglkefsvllnqqvfndpliseedmvtvvedwmnfyinyyrqqvtgepqerdkalqelrqelntlanpflakyrdflkshelpshpppss,alpha-hemoglobin-stabilizing protein [Gorilla gorilla gorilla],Metazoa,Chordata,Mammalia,Primates,Hominidae,Gorilla,102,Euarchontoglires,1
47115689,13557,Hapalemur griseus,vlssadktniktawgaigshaadhgaealermflsfpttktyfphfdmshgsgqiahgkkvadaltnavghiddmpgalsalsdlhahklrvdpvnfkllshcllvtlashhpaeftpavhasldkffaavstvltskyr,RecName: Full=Hemoglobin subunit alpha-1; AltName: Full=Alpha-1-globin; AltName: Full=Hemoglobin alpha-1 chain; Contains: RecName: Full=Hemopressin,Metazoa,Chordata,Mammalia,Primates,Lemuridae,Hapalemur,140,Euarchontoglires,2
4929996,9606,Homo sapiens,vhltpeeksavtalwgkvnvdevggealgrllvvypwtqrffesfgdlstpdavmgnpkvkahgkkvlgafsdglahldnlkgtfatlselhcdklrvdpvnfkllshcllvtlaahlpaeftpavhasldkvlasvstvltskyr,"Chain D, MODULE-SUBSTITUTED CHIMERA HEMOGLOBIN BETA-ALPHA",Metazoa,Chordata,Mammalia,Primates,Hominidae,Homo,146,Euarchontoglires,1
2552957787,81572,Hylobates moloch,mallkantdlisaglkefsvllnqqvfndpliseedmvtvvedwmnfyinyyrqqvtgepqerdkalqelrqelntlanpflakyrdflkshefpshpppss,alpha-hemoglobin-stabilizing protein [Hylobates moloch],Metazoa,Chordata,Mammalia,Primates,Hylobatidae,Hylobates,102,Euarchontoglires,1
2168868935,9447,Lemur catta,mvlspadktniktawkaiggqaadhgaealermflsfpttktyfphfdlshgsgqvkahgkkvadaltnavghlddmpgalsalsdlhahklrvdpvnfkllshcllvtlashhpaeftpavhasldkffaavstvltskyr,hemoglobin subunit alpha [Lemur catta],Metazoa,Chordata,Mammalia,Primates,Lemuridae,Lemur,142,Euarchontoglires,2
122481,9487,Leontocebus fuscicollis,vlspadksnvkaawgkvgghagdygaealermflsfpttktyfphfdlshgsaqvkghgkkvadaltvavahvddmpnalsalsdlhahklrvdpvnfkllshcllvtlaahlpadftpavhasldkflasvstvltskyr,RecName: Full=Hemoglobin subunit alpha; AltName: Full=Alpha-globin; AltName: Full=Hemoglobin alpha chain; Contains: RecName: Full=Hemopressin,Metazoa,Chordata,Mammalia,Primates,Cebidae,Leontocebus,141,Euarchontoglires,2
1498472055,75567,Lophocebus albigena,mvlspddkkhvkaawgkvgehageygaealermflsfpttktyfphfdlshgsdqvnkhgkkvadaltlavghvddmpqalsklsdlhahklrvdpvnfkllshcllvtlaahlpaeftpavhasldkflasvstvltskyr,hemoglobin subunit alpha [Lophocebus albigena],Metazoa,Chordata,Mammalia,Primates,Cercopithecidae,Lophocebus,142,Euarchontoglires,2
122422,9468,Loris tardigradus,vlspadktnvktawekvgghageygaealermflsfpttktyfphfdlshgsaqvkahgkkvadalttavshvddmpsalsalsdlhahklrvdpvnfkllshcllvtlachhpadftpavhasldkflasvstvltskyr,RecName: Full=Hemoglobin subunit alpha; AltName: Full=Alpha-globin; AltName: Full=Hemoglobin alpha chain; Contains: RecName: Full=Hemopressin,Metazoa,Chordata,Mammalia,Primates,Lorisidae,Loris,141,Euarchontoglires,2
355756398,9541,Macaca fascicularis,mvlspadktnvkaawgkvgghageygaealermflsfpttktyfphfdlshgsaqvkghgkkvadaltlavghvddmphalsalsdlhahklrvdpvnfkllshcllvtlaahlpaeftpavhasldkflasvstvltskyr,Hemoglobin alpha chain [Macaca fascicularis],Metazoa,Chordata,Mammalia,Primates,Cercopithecidae,Macaca,142,Euarchontoglires,1
122434,9561,Mandrillus sphinx,vlspadkknvkaawdkvgghageygaealermflsfpttktyfphfnlshgsdqvkghgkkvadaltlavghvddmpqalsklsdlhahklrvdpvnfkllshcllvtlaahlpaeftpavhasldkflasvstvltskyr,RecName: Full=Hemoglobin subunit alpha-1/2; AltName: Full=Alpha-1/2-globin; AltName: Full=Hemoglobin alpha-1/2 chain; AltName: Full=Hemoglobin alpha-I/II chain,Metazoa,Chordata,Mammalia,Primates,Cercopithecidae,Mandrillus,141,Euarchontoglires,2
122366,9482,Mico argentatus,vlspadksnvkaawgkvgshagdygaealermflsfpttktyfphfdlshgsaqvkghgkkvadaltnavahvddmpnalsalsdlhahklrvdpvnfkllshcllvtlaahhpaeftpavhasldkflasvstvltskyr,RecName: Full=Hemoglobin subunit alpha; AltName: Full=Alpha-globin; AltName: Full=Hemoglobin alpha chain; Contains: RecName: Full=Hemopressin,Metazoa,Chordata,Mammalia,Primates,Cebidae,Mico,141,Euarchontoglires,2
1149808806,30608,Microcebus murinus,mvlsaadknnikaawnaigshagdhgaealermfhsfpttktyfshfdlshgstqikghgkkvadalgnavnhlddiptalsalsdlhahelrvdpvnfrflshcllvtlashhpgeftpavhasldkffstvstvltskyr,hemoglobin subunit alpha-1-like [Microcebus murinus],Metazoa,Chordata,Mammalia,Primates,Cheirogaleidae,Microcebus,142,Euarchontoglires,2
1498472067,36231,Miopithecus talapoin,mvlspadktnvkaawgkvgghageygaealermflsfpttktyfphfdlshgsaqvkghgkkvadaltlavghvddmpqalsalsdlhahklrvdpvnfkllshcllvtlaahlpaeftpavhasldkflasvstvltskyr,hemoglobin subunit alpha [Miopithecus talapoin],Metazoa,Chordata,Mammalia,Primates,Cercopithecidae,Miopithecus,142,Euarchontoglires,2
1498472063,43780,Nasalis larvatus,mvlspadksnvkaawgkvgghggeygaealermflsfpttktyfphfdlshgsaqvkghgkkvadaltnavehvddmphalsalsdlhahklrvdpvnfkllshcllvtlaahlpaeftpavhasldkflasvstvltskyr,hemoglobin subunit alpha [Nasalis larvatus],Metazoa,Chordata,Mammalia,Primates,Cercopithecidae,Nasalis,142,Euarchontoglires,2
1743175490,61853,Nomascus leucogenys,mvlspadknnvkaawgkvgahagdygaealermflsfpttktyfphfdlshgsaqvkghgkkvadaltnavahvddmpnalsalsdlhahklrvdpvnfkllshcllvtlaahhpaeftpavhasldkflasvstvltskyr,hemoglobin subunit alpha-1 [Nomascus leucogenys],Metazoa,Chordata,Mammalia,Primates,Hylobatidae,Nomascus,142,Euarchontoglires,2
2441695316,9470,Nycticebus coucang,mallqankdlistgmkefngllnqqvfnepfvseeametvvndwmnfyinyyrqqmtgepqeqekalqefkqklnslanpflvkyqaflksyehlnhprpss,alpha-hemoglobin-stabilizing protein [Nycticebus coucang],Metazoa,Chordata,Mammalia,Primates,Lorisidae,Nycticebus,102,Euarchontoglires,1
176990,9463,Otolemur crassicaudatus,mvlsptdksnvkaawekvgahagdygaealermflsfpttktyfphfdlshgstqvkghgkkvadaltnavlhvddmpsalsalsdlhahklrvdpvnfkllrhcllvtlachhpaeftpavhasldkfmasvstvltskyr,B-alpha-hemoglobin [Otolemur crassicaudatus],Metazoa,Chordata,Mammalia,Primates,Galagidae,Otolemur,142,Euarchontoglires,1
2490739653,9597,Pan paniscus,mallkankdlisaglkefsvllnqqvfndplvseedmvtvvedwmnfyinyyrqqvtgepqerdkalqelrqelntlanpflakyrdflkshelpshpppss,alpha-hemoglobin-stabilizing protein [Pan paniscus],Metazoa,Chordata,Mammalia,Primates,Hominidae,Pan,102,Euarchontoglires,1
52000980,9555,Papio anubis,mvlspddkkhvkaawgkvgehageygaealermflsfpttktyfphfdlshgsdqvnkhgkkvadaltlavghvddmpqalsklsdlhahklrvdpvnfkllshcllvtlaahlpaeftpavhasldkflasvstvltskyr,RecName: Full=Hemoglobin subunit alpha; AltName: Full=Alpha-globin; AltName: Full=Hemoglobin alpha chain; Contains: RecName: Full=Hemopressin,Metazoa,Chordata,Mammalia,Primates,Cercopithecidae,Papio,142,Euarchontoglires,2
115502090,164648,Piliocolobus badius,mvlspadktnvktawgkvgghggeygaealermflsfpttktyfphfdlshgsaqvkghgkkvadaltlaaahvddmpsalsalsdlhahklrvdpvnfkllshcllvtlaahhpaeftpavhasldkflasvstvltskyr,RecName: Full=Hemoglobin subunit alpha; AltName: Full=Alpha-globin; AltName: Full=Hemoglobin alpha chain; Contains: RecName: Full=Hemopressin,Metazoa,Chordata,Mammalia,Primates,Cercopithecidae,Piliocolobus,142,Euarchontoglires,2
2752813076,202457,Plecturocebus cupreus,mlelkmallkankdlisaglkefnvllnqqvfndpliseedmvivvedwmnfyinyyrqqvtgepqerdkalqelrqelntlinpflakyrdflksrelpshpppss,Alpha-hemoglobin-stabilizing protein [Plecturocebus cupreus],Metazoa,Chordata,Mammalia,Primates,Pitheciidae,Plecturocebus,107,Euarchontoglires,1
342829,9600,Pongo pygmaeus,mvlspadktnvktawgkvgahagdygaealermflsfpttktyfphfdlshgsaqvkdhgkkvadaltnavahvddmpnalsalsdlhahklrvdpvnfkllshcllvtlaahlpaeftpavhasldkflasvstvltskyr,alpha-2 globin [Pongo pygmaeus],Metazoa,Chordata,Mammalia,Primates,Hominidae,Pongo,142,Euarchontoglires,1
826336946,379532,Propithecus coquereli,msltkteraiivsmwgkistqadaigtetlermflsfpttktyfphfdmshgsaqikthgkkvadalsnavnhlddmptalsalsdlhahklrvdpvnfkllshcllvtlashhsaeftpvvhtsldkffaavstvltskyr,PREDICTED: hemoglobin subunit alpha-1-like [Propithecus coquereli],Metazoa,Chordata,Mammalia,Primates,Indriidae,Propithecus,142,Euarchontoglires,2
724914786,61622,Rhinopithecus roxellana,mvlspadktnvkaawgkvgghggeygaealermflsfpttktyfphfdlshgsaqvkghgkkvadaltnavahvddmpnalsalsdlhahklrvdpvnfkllshcllvtlaahlpaeftpavhasldkflasvstvltskyr,hemoglobin subunit alpha [Rhinopithecus roxellana],Metazoa,Chordata,Mammalia,Primates,Cercopithecidae,Rhinopithecus,142,Euarchontoglires,2
47115544,9488,Saguinus mystax,vlspadksnvkaawgkvgghagdygaealermflsfpttktyfphfdlshgsaqvkghgkkvadaltnavalvddmpnalsalsdlhahklrvdpvnfkllshcllvtlaahhpadftpavhasldkflasvstvltskyr,RecName: Full=Hemoglobin subunit alpha; AltName: Full=Alpha-globin; AltName: Full=Hemoglobin alpha chain; Contains: RecName: Full=Hemopressin,Metazoa,Chordata,Mammalia,Primates,Cebidae,Saguinus,141,Euarchontoglires,2
2676527375,110931,Cynocephalus volans,mvlspadktnvkalwgkagdhvtdygaealermfmsfpttktyfphfdlshdskqvkehgkkvanaltnavahvddlpgalsalsdlhaqklrvdpvnfkllnhclvvtlarhhpeaftpevhasvdkflasvstvltskyr,hemoglobin subunit alpha-1 [Cynocephalus volans],Metazoa,Chordata,Mammalia,Dermoptera,Cynocephalidae,Cynocephalus,142,Euarchontoglires,2
2646899794,9983,Lepus europaeus,mallpankdliskglkefnvllnqqvfndpllseeamqvvlddwvnlyvnyyrkqltgdqqeldralevlrqelnglakpflskysiflksrehpdhqlpss,alpha-hemoglobin-stabilizing protein [Lepus europaeus],Metazoa,Chordata,Mammalia,Lagomorpha,Leporidae,Lepus,102,Euarchontoglires,1
527461777,130821,Ochotona cansus,mvlspadkanvkaawgkvgghageygaealermflsfpttktyfphfdvshgsaqvkahgkkvadaltqavhhlddlpgalsalsdlhahklrvdpvnfkllahcllvtlanhhpneftpavhasldkflanvstvltskyr,hemoglobin alpha [Ochotona cansus],Metazoa,Chordata,Mammalia,Lagomorpha,Ochotonidae,Ochotona,142,Euarchontoglires,1
218157240,9986,Oryctolagus cuniculus,mvlspadktniktawekigshggeygaeavermflgfpttktyfphfdfthgseqikahgkkvsealtkavghlddlpgalstlsdlhahklrvdpvnfkllshcllvtmanhhpseftpavhasldkflanvstvltskyr,alpha-hemoglobin (predicted) [Oryctolagus cuniculus],Metazoa,Chordata,Mammalia,Lagomorpha,Leporidae,Oryctolagus,142,Euarchontoglires,1
365177636,9988,Sylvilagus floridanus,mvlspadktniktawekigshggeygaealermflgfpttktyfphfdlthgseqvkahgkkvaealtkavnhlddlptalsnlsdlhahklrvdpvnfkllshcllvtlanhhpneftpavhasldkflanvstvltskyr,alpha-globin [Sylvilagus floridanus],Metazoa,Chordata,Mammalia,Lagomorpha,Leporidae,Sylvilagus,142,Euarchontoglires,1
530539693,134600,Ochotona collaris,mvlspadkanvkaawgkvgghageygaealermflsfpttktyfphfdmshrsaqvkahgkkvadaltqavdhlddlpralsalsdlhahklqvdpvnfkllahcllvtlanhhpnefnpavhasldkflasvstvltskyr,hemoglobin alpha chain [Ochotona collaris],Metazoa,Chordata,Mammalia,Lagomorpha,Ochotonidae,Ochotona,142,Euarchontoglires,1
530539659,130834,Ochotona hyperborea,mvlsaadkanvkaawgkvgghageygaealermflsfpttktyfphfdvshgsaqvkahgkkvadaltqavdhlddlpgalsalsdlhahklrvdpvnfkllahcllvtlanhhpneftpavhaspdkflasvstvltskyr,hemoglobin alpha chain [Ochotona hyperborea],Metazoa,Chordata,Mammalia,Lagomorpha,Ochotonidae,Ochotona,142,Euarchontoglires,1
396951394,130836,Ochotona ladacensis,mvlspadkanvkaawgkvgghageygaealermflsfpttktyfptwdvshgsaqvkahgkkvadalthavehlddlpgalstfsdlhahklrvdpvnfkllahcllvtlanhhpneftpavhasldkflanvstvltskyr,hemoglobin alpha chain [Ochotona ladacensis],Metazoa,Chordata,Mammalia,Lagomorpha,Ochotonidae,Ochotona,142,Euarchontoglires,1
2442239961,130825,Ochotona curzoniae,mvlspadkanvkaawgkvgghageygaealermflsfpttktyfphfdvthgsaqvkahgkkvadaltqavdhlddlpgalsalsdlhaqklrvdpvnfkllahcllvtlanhhpneftpavhasldkflanvstvltskyr,hemoglobin alpha chain [Ochotona curzoniae],Metazoa,Chordata,Mammalia,Lagomorpha,Ochotonidae,Ochotona,142,Euarchontoglires,1
562865672,246437,Tupaia chinensis,mvlspgdksnikaawgkiggqapqygaealermflsfpttktyfphfdmshgsaqiqahgkkvadalstavghlddlptalsalsdlhahklrvdpanfkllshcilvtlachhpgdftpeihasldkflanvstvltskyr,hemoglobin subunit alpha [Tupaia chinensis],Metazoa,Chordata,Mammalia,Scandentia,Tupaiidae,Tupaia,142,Euarchontoglires,2
